id,created_at,text
1278453006535659523,2020-07-01 22:18:43,"Guess who‚Äôs repeal of the Faircloth Amendment just passed the House! üòå 

Faircloth has blocked construction of new public housing in the United States for 20+ YEARS. Repeal is key to tackling our housing crisis.

THANK YOU to the advocates who‚Äòve worked so hard to get here. https://t.co/JkcJvNBr72"
1278444484695654404,2020-07-01 21:44:52,The @EdMarkey meme team is really something else üòÇ https://t.co/kzXkHE3bbF
1278442521337749504,2020-07-01 21:37:04,"@iTeachGatsby Thank you so much, and thanks for being open to new perspectives. Grateful to have earned your support üíú"
1278440953808896006,2020-07-01 21:30:50,@kendallybrown Please tell your mom I say thank you and she‚Äôs welcome to our team anytime! üíú‚ò∫Ô∏è
1278430377141579777,2020-07-01 20:48:48,ü§£ when you don‚Äôt realize you‚Äôre debating a New Yorker (@RepMaxRose) https://t.co/xUHRkjcWoL
1278381750109036546,2020-07-01 17:35:35,"One of the ways the GOP articulates their racism today is their idea that some citizens are ‚Äúreal‚Äù people and others aren‚Äôt.

This is the argument they make against DC statehood: that this largely Black community doesn‚Äôt qualify as ‚Äúreal people.‚Äù

So, who is a ‚Äúreal‚Äù person? ü§î https://t.co/QzyKjH6UGF"
1278376081603600385,2020-07-01 17:13:03,https://t.co/yOxvgQxhnA https://t.co/6lqpXGW3RW
1278352724212568064,2020-07-01 15:40:14,"How‚Äôs that ‚Äúanti-AOC‚Äù advertising going, Oklahoma GOP?

Oh, it ended with voters supporting Medicaid expansion? Nice. üòä https://t.co/Xkcw7PeiCJ"
1278350730915708930,2020-07-01 15:32:19,"When you speak truth to power, power fights back.

Lobbyists &amp; conservatives have been pouring millions of dollars against our sisterhood‚Äôs re-election campaigns.

Why? Because we‚Äôre effective. Join the Squad Victory Fund to protect the fight for justice:
https://t.co/qcIJN79JPH"
1278123971033038848,2020-07-01 00:31:15,RT @hollyotterbein: Scoop: A dozen lawmakers have signed onto the hotly debated letter spearheaded by Alexandria Ocasio-Cortez that calls f‚Ä¶
1278107955649490944,2020-06-30 23:27:37,"RT @SenSanders: Israel's annexation of occupied territory would be a disaster for international law, self-determination, freedom and equali‚Ä¶"
1278107616938463232,2020-06-30 23:26:16,RT @HeerJeet: The New Deal gave us Carl Reiner.
1278024220765716482,2020-06-30 17:54:53,"RT @Public_Citizen: Remember this from @AOC? This is the same company that is now price-gouging its coronavirus drug.

AOC to Gilead CEO: T‚Ä¶"
1277009867358773249,2020-06-27 22:44:12,"Hey all, note for transparency: yday I quote-tweeted someone noting that we pay interns a living wage.

It has since been brought to my attn that multiple survivors are speaking up about this individual. My heart breaks for them, and I am deleting the quote tweet in solidarity."
1276642600997597185,2020-06-26 22:24:49,"RT @vanitaguptaCR: If you don‚Äôt know what the Community Reinvestment Act is and why we need to protect it, listen to @AOC.

Then tell your‚Ä¶"
1276623182393257984,2020-06-26 21:07:39,@JamaalBowmanNY üíú
1276622093602430981,2020-06-26 21:03:20,RT @ReuvenBlau: NEW: hours after @AOC called on @CorrectionNYC to fire officers involved in Layleen Polanco's death @NYCMayor announces tha‚Ä¶
1276585159844933632,2020-06-26 18:36:34,"Two years ago today, I went from waitress and organizer to winning a Congressional primary while outspent 10-1.

Every day since I‚Äôve tried to do right by working families &amp; the movement that made it happen. Corrupt interests haven‚Äôt had a good night‚Äôs sleep sinceüòâ

Thank you üíú https://t.co/5Yv1jYDEB5"
1276515451988819969,2020-06-26 13:59:34,RT @patriotact: How does justice play a role in the Green New Deal? @AOC explains. https://t.co/SDxCTwAZG9 https://t.co/4GG7GWk7T3
1276345123132112896,2020-06-26 02:42:45,"RT @thehill: Rep. Ayanna Pressley: ""Black Lives Matter is a mandate from the people. It's time -- pay us what you owe us. Our Black skin is‚Ä¶"
1276342254077173760,2020-06-26 02:31:21,"Our team has been working with artists to reimagine communities into modern day, WPA-style Green New Deal posters.

So far we‚Äôve got the Bronx, Queens, Detroit, Boston, Los Angeles, &amp; San Juan üáµüá∑

You can find them at https://t.co/FChYMy3UrE https://t.co/92lM2W6PzN"
1276320229207965699,2020-06-26 01:03:50,RT @BLeeForCongress: Defund the Pentagon budget.
1276268278160207872,2020-06-25 21:37:24,"RT @_waleedshahid: ""Can @JamaalBowmanNY be in The Squad?"" -@CharlotteAlter 

""Well, we have the same haircut. So I am certainly open."" -@Ay‚Ä¶"
1276159439528173573,2020-06-25 14:24:54,"RT @theintercept: Sen. Bernie Sanders will propose a sweeping 10 percent cut to Pentagon spending, with the savings redirected as grant mon‚Ä¶"
1275977335532138496,2020-06-25 02:21:17,@AyannaPressley Thanks sis - love you and always so grateful for your friendship üíû
1275867221227601922,2020-06-24 19:03:44,"Thank you for paving the way, @BLeeForCongress! üëë https://t.co/svZW1INJ5C"
1275832592399503363,2020-06-24 16:46:08,"RT @JamaalBowmanNY: I‚Äôm a Black man raised by a single mother in a housing project. That story doesn‚Äôt usually end in Congress. 

But today‚Ä¶"
1275664963160485890,2020-06-24 05:40:02,@BernieSanders Thanks t√≠o! ‚ò∫Ô∏è
1275633659291136001,2020-06-24 03:35:39,"Wall Street CEOs, from Goldman Sachs to Blackstone, poured in millions to defeat our grassroots campaign tonight.

But their money couldn‚Äôt buy a movement.

Thank you #NY14, and every person who pitched in for tonight‚Äôs victory.

Here‚Äôs to speaking truth to power. https://t.co/g9aRV3Cu1B"
1275624975429513220,2020-06-24 03:01:08,RT @sahilkapur: The AOC race is a blowout. https://t.co/qK780a1Iga
1275618050134474761,2020-06-24 02:33:37,"When I won in 2018, many dismissed our victory as a ‚Äúfluke.‚Äù

Our win was treated as an aberration, or bc my opponent ‚Äúdidn‚Äôt try.‚Äù

So from the start, tonight‚Äôs race was important to me.

Tonight we are proving that the people‚Äôs movement in NY isn‚Äôt an accident. It‚Äòs a mandate."
1275602308328501248,2020-06-24 01:31:04,"#TeamAOC volunteers made over 56,000 calls to NY14 TODAY. As in ONE DAY.

That‚Äôs shattered all our previous one-day records.

For everyone who has put in time to support, volunteer, or contribute - I cannot thank you enough."
1275590808369012736,2020-06-24 00:45:22,RT @IndivisibleTeam: This is what voter suppression looks like.
1275582849039716355,2020-06-24 00:13:45,"We are seeing reports of voting lines as long as 3 hours in LeFrak City as well. Other poll sites are much faster.

If you can, STAY IN LINE!

If you are *in line* at your polling location by 9pm, you CAN vote. https://t.co/qBx1PubRCm"
1275528986114887681,2020-06-23 20:39:43,"I usually don‚Äôt tweet to correct fake posts about me bc the right circulates so many, but needless to say the alleged ‚Äúdeleted‚Äù reopening tweet people are saying I wrote is a photoshopped fake being circulated by Republicans.

They tell lies because the truth isn‚Äôt on their side. https://t.co/WQxMxCJofe"
1275459934247927808,2020-06-23 16:05:19,"We are realizing that a better world is possible. It‚Äôs time to rise for it, speak on it, and create it every day.

Today, we vote for it.
https://t.co/boXm0U4sZ4"
1275426982650687489,2020-06-23 13:54:23,"NY14: TODAY is Election Day!

üö®Voting tips:

- You should receieve 2 BALLOTS to fill out. If you only got one, ask for the other.

- It was confirmed last night that many NYers who requested absentees will not receive them. This is v upsetting - if you can, vote in person today. https://t.co/Qd51xbDDYr"
1275175692183969792,2020-06-22 21:15:51,"Your membership card is in the mail, @hasanminhaj üòÇüìÆ https://t.co/DwiwLBkQdX"
1275124365043040256,2020-06-22 17:51:53,"RT @Phil_Lewis_: Protesters are out in Compton demanding justice for Andres Guardado, an 18-year-old who was fatally shot 7 times in the ba‚Ä¶"
1275099205053435906,2020-06-22 16:11:55,"NEW YORK: Tomorrow is Election Day!

It‚Äôs time to VOTE to continue our fight for social, economic, and racial justice.

Make your plan for voting tomorrow.

Find your voting location here: https://t.co/lt9pjNp3hY https://t.co/nm8MlGeYPX"
1275034849599008769,2020-06-22 11:56:11,"üö®NYC: If you plan on voting absentee, make sure you mail your ballot TODAY so it will be postmarked in time to count.

If you mail your ballot tomorrow, it may get postmarked too late and your vote may not count!

üó≥(You can still vote in person instead if you got an absentee.)"
1274833625746493442,2020-06-21 22:36:36,@kendallybrown Hey! I apologize for the harm and thank you for stepping up to point it out. Taking it down &amp; always open to engaging further. üíú
1274798960599851011,2020-06-21 20:18:51,RT @ClintSmithIII: Father's Day is a good day to remind people that all phone calls and video calls for incarcerated people should be free‚Ä¶
1274783899718205440,2020-06-21 19:19:00,"To all dads + father figures,
past, present, and future -

Your love, attention, and care moves mountains and changes the world. Thank you!

My pap√° believed in me, coached me, and challenged me. I wouldn‚Äôt be me without having had the gift of his love.

Happy Father‚Äôs Day üíô https://t.co/D5zw1WmKr2"
1274522386004619264,2020-06-21 01:59:50,"Ah yes - in fact, I‚Äôm so uncharismatic and untalented that the President of the United States has dedicated time at multiple rallies over two years to talk about me, a first term member of Congress üíÅüèΩ‚Äç‚ôÄÔ∏è https://t.co/OncmV2u7Nw"
1274500359566897152,2020-06-21 00:32:19,"KPop allies, we see and appreciate your contributions in the fight for justice too üòå"
1274499021625794565,2020-06-21 00:27:00,"Actually you just got ROCKED by teens on TikTok who flooded the Trump campaign w/ fake ticket reservations &amp; tricked you into believing a million people wanted your white supremacist open mic enough to pack an arena during COVID

Shout out to Zoomers. Y‚Äôall make me so proud. ‚ò∫Ô∏è https://t.co/jGrp5bSZ9T"
1274463389331439617,2020-06-20 22:05:25,"What a day.

As I walked to my early voting site, I realized it was the Sonia Sotomayor Community Center.

When she was named 1st Latina to the SCOTUS, a Bronx Boricua, it made a younger me feel like there was a place for me in the world.

Today I cast my ballot under her name üò≠ https://t.co/DiyhiXWYf5"
1274193948530049024,2020-06-20 04:14:45,"RT @AriBerman: Kentucky cutting number of polling places for Tuesday‚Äôs primary from 3700 to 200

There will be one polling place for 616,00‚Ä¶"
1274191398217093121,2020-06-20 04:04:37,"RT @NewYorkStateAG: I'm concerned about the sudden replacement of the United States Attorney in New York‚Äôs Southern District.

The new Unit‚Ä¶"
1274190719780093954,2020-06-20 04:01:55,RT @SDNYnews: https://t.co/hFNvQs5orV
1274174240309366785,2020-06-20 02:56:26,@jnzqns So many thanks to you and your family! Postcarding is one of my favorite modes of indoor field organizing üíå
1274173548412706816,2020-06-20 02:53:41,@victoriascress üíÉüèΩüíÉüèΩüíÉüèΩ
1274172051096580097,2020-06-20 02:47:44,"Donation link here üí∏

The average donation to my campaign is about 24 bucks. Everyday people have made my candidacy a possibility since day one.

That‚Äôs who I work for, now &amp; always - these billionaires are just mad they‚Äôve found something they can‚Äôt buy.
https://t.co/OwNfE7AG70"
1274169513995653124,2020-06-20 02:37:39,"Wall St CEOs &amp; lobbyists are FLOODING my district w/ millions of dollars right before Tuesday‚Äôs election.

It‚Äôs a bit flattering, actually: they wouldn‚Äôt target me if I wasn‚Äôt effective üòå

Join us for the home stretch. Vol, call, or donate this weekend: https://t.co/BZgTRnGWK1 https://t.co/M37T8b5aRW"
1274033169461895181,2020-06-19 17:35:52,"RT @NMAAHC: #OTD in 1865, enslaved African Americans were notified of their freedom by Union troops in Galveston Bay, TX‚Äîtwo years after th‚Ä¶"
1273993617795883008,2020-06-19 14:58:42,"RT @jbouie: ‚ÄúEmancipation wasn‚Äôt a gift bestowed on the slaves; it was something they took for themselves, the culmination of their long st‚Ä¶"
1273967181500502016,2020-06-19 13:13:39,"Ever notice that when we talk about having a healthcare system where people don‚Äôt pay at the point of service, it‚Äôs ‚ÄúFree stuff is irresponsible &amp; wrong!‚Äù but when it comes to raining military equip on undertrained police across the country it‚Äôs ‚ÄúHey don‚Äôt worry it‚Äôs free stuff‚Äù https://t.co/RDlEqCMHuL"
1273963762563846144,2020-06-19 13:00:04,"Happy #Juneteenth!

To celebrate, let‚Äôs pass legislation that makes Juneteenth a national holiday and enact H.R. 40, Rep @JacksonLeeTX18‚Äôs Commission on Reparations.

How are you honoring today?"
1273960700377997312,2020-06-19 12:47:54,"RT @nhannahjones: Happy Emancipation Day!

Just a few facts:The US was 3rd to last in the Americas to abolish slavery.

The Emancipation Pr‚Ä¶"
1273956592468340738,2020-06-19 12:31:35,"RT @Telemundo: .@AOC: ‚ÄúNuestra voz es nuestro voto y si no usamos ese derecho vamos a tener problemas‚Äù.

V√≠a @TelemundoNews üëâüèª https://t.co‚Ä¶"
1273764389808676864,2020-06-18 23:47:50,"RT @KumarRaoNYC: A better world is possible. 

Powerful and beautifully-filmed closing ad from @AOC in advance of Tuesday primary election.‚Ä¶"
1273751535277821952,2020-06-18 22:56:45,@JuanSaaa @TelemundoNews En esta casa hablamos legislative Spanglish üòÇ
1273733783137800196,2020-06-18 21:46:13,"RT @SDNYC: ‚ÄùIt‚Äôs time to bring the movement to the voting booth‚Äù ‚úäüèΩ

Vote for @AOC on June 23rd."
1273726138779607042,2020-06-18 21:15:50,RT @OfficialJLD: Powerful ad!
1273726122782588928,2020-06-18 21:15:47,@OfficialJLD Thanks! üíï
1273724626812764165,2020-06-18 21:09:50,RT @aaronlarnavarro: super 8 film grain in the new AOC ad
1273724262797508610,2020-06-18 21:08:23,RT @thor_benson: This is a great ad.
1273723767504752642,2020-06-18 21:06:25,@amandalitman Thanks!
1273684019373318148,2020-06-18 18:28:28,"Get help finding your polling location, sign up to volunteer, donate, and more at https://t.co/IVIqtODm9q"
1273683661116891136,2020-06-18 18:27:03,"A better world is not only possible, it is within our reach.

From mutual aid in our communities to solidarity in the streets, the people of New York have already started to reshape our future.

It‚Äôs time to bring the movement to the voting booth.

VOTE this Tuesday, June 23rd. https://t.co/boXm0U4sZ4"
1273669738808385536,2020-06-18 17:31:44,"RT @JFK_America: Is Wall Street scared of @AOC? Seems so. Chiefs at Goldman Sachs, Blackstone and many other top financiers spent millions‚Ä¶"
1273666783564750851,2020-06-18 17:19:59,Ugh sorry y‚Äôall the link always autocorrects wrong - here‚Äôs the right one: https://t.co/dVZwJAic7m
1273665040055500800,2020-06-18 17:13:03,"Wall Street is pouring *millions of dollars* to unseat me in this Tuesday‚Äôs election.

That‚Äôs what happens when you put people before profit. But take it from me: we CANNOT take this seat for granted.

NY14: VOTE TODAY or this Tuesday. Bring friends + fam: https://t.co/K2L7BQ8pIy https://t.co/yaYFTqoDNv"
1273623200379920389,2020-06-18 14:26:48,Good morning y √©chate pa‚Äô lante because HOME IS HERE! üåû https://t.co/K8YvJGvUHI
1273369314033352706,2020-06-17 21:37:57,RT @ajplus: BREAKING: The police officer who shot and killed #RayshardBrooks has been charged with felony murder and aggravated assault. He‚Ä¶
1273355089659527169,2020-06-17 20:41:25,"RT @RevDrBarber: Every attack on the poor must embolden our agitation. Lack of healthcare, lack of living wages, black men &amp; women getting‚Ä¶"
1273335679498555392,2020-06-17 19:24:18,RT @AyannaPressley: We need leaders like @JamaalBowmanNY in Congress now more than ever. Jamaal will be relentless in his commitment to uni‚Ä¶
1273332021847302147,2020-06-17 19:09:46,RT @RashidaTlaib: Facial recognition technology is racist.
1273331129437827072,2020-06-17 19:06:13,"NY: We are 6 DAYS AWAY from the June 23rd primary election!

Next Tuesday is Election Day, but you can cast your ballot IN PERSON *today* via early voting.

Check this energy. We need it. Send @JamaalBowmanNY to Congresss this year.

üó≥ You can vote TODAY: https://t.co/dVZwJAic7m https://t.co/9Lyu8LPkOZ"
1273328997632552965,2020-06-17 18:57:45,"Pro tip: For the politicians denouncing Black leaders demanding shifts in budget priorities away from overpolicing &amp; into community services, check their campaign receipts.

If these politicians take money from police associations, how can they be objective about police budgets?"
1272912162978172929,2020-06-16 15:21:23,RT @ava: This is a white woman talking honestly about her experiences and its one of the best threads on the criminalization of Black peopl‚Ä¶
1272709972099506176,2020-06-16 01:57:57,"RT @350: Now is the time for ALL climate activists to show up for Black Lives. 350 organizer Dominique Thomas breaks down how and why:
#Bla‚Ä¶"
1272684941885784072,2020-06-16 00:18:30,"RT @BerniceKing: We must question ours.

As my father said, ‚ÄúA nation that continues year after year to spend more money on military defens‚Ä¶"
1272680896064339974,2020-06-16 00:02:25,"Teachers are paying out of pocket for school supplies, yet police are given extra tanks.

Budgets convey priorities.
We should question ours."
1272616097603346433,2020-06-15 19:44:56,"RT @JamaalBowmanNY: I am honored to have earned @katieporteroc's support and endorsement. 

A member of the insurgent class of 2018, Rep. P‚Ä¶"
1272611377748860933,2020-06-15 19:26:11,"RT @EFEnoticias: ENTREVISTA | La congresista dem√≥crata de EEUU Alexandria Ocasio-Cortez @AOC hace un llamamiento al voto latino ante el ""pe‚Ä¶"
1272286465133817858,2020-06-14 21:55:05,RT @mayawiley: #nycprotests have not slowed any more than they have around the country because initial legislative reforms are frst steps..‚Ä¶
1272237087199236097,2020-06-14 18:38:53,"RT @RaquelWillis_: TODAY. WE WILL RALLY b/c jail officials laughed at a trans AfroLatina minutes before she died, 2 Black trans women we're‚Ä¶"
1272218902668476421,2020-06-14 17:26:37,"Oh look, someone took a photo of what my life is like debating Republicans in committee each week https://t.co/OMxPpbo1i1"
1271866531304091649,2020-06-13 18:06:25,RT @JohnBoyega: This is a good time to question absolutely everything. You want to go back to the same old system?
1271584757210656769,2020-06-12 23:26:45,"Oh look, a looting in progress ‚¨áÔ∏è https://t.co/I0vPDVRGCc"
1271563259578023937,2020-06-12 22:01:20,"This is the issue w/ many ‚Äúreforms‚Äù: yes, you can pass certain laws, but the problem is police *breaking the law.*

Murder is already illegal, but the officers who killed Breonna Taylor STILL haven‚Äôt been arrested.

Taking on that abuse of power often takes major political risk. https://t.co/zITJneHmfa"
1271246649323593728,2020-06-12 01:03:14,"RT @ashley_quan: .@AOC's answer to ""what does defund the police look like?"" was ""a suburb"" and that is totally gonna be my answer from now‚Ä¶"
1271139178865180678,2020-06-11 17:56:11,"RT @AsteadWesley: Notice the raceless one side, ""his base"" is juxtaposed to a ""multiracial country."" An unnecessary contortion meant to avo‚Ä¶"
1271124302641987584,2020-06-11 16:57:04,People really need to ask themselves why their communities chose to erect statues to slaveholders instead of abolitionists.
1270888523768508417,2020-06-11 01:20:10,"RT @DanRather: So. Let's set the stage... 
President Trump has chosen as the venue for his first rally in months, Tulsa, Oklahoma, site of‚Ä¶"
1270885281898606593,2020-06-11 01:07:17,"@Deb4CongressNM You are the living testimony of their hard work, sacrifice, and faith in a better future.

Every day it‚Äôs an honor to serve alongside you as you break through injustice and make history, @Deb4CongressNM. üíú"
1270848998249771009,2020-06-10 22:43:07,"Shout out to @IBM for halting dev on technology shown to harm society.

Facial recognition is a horrifying, inaccurate tool that fuels racial profiling + mass surveillance. It regularly falsely ID‚Äôs Black + Brown people as criminal.

It shouldn‚Äôt be anywhere near law enforcement. https://t.co/SOU670yRVc"
1270832382904619008,2020-06-10 21:37:05,"It truly boggles my mind how anyone can see a $6 billion policing budget in ONE city alone - which is more than we spend on health, youth, housing, and homelessness services here *combined* - and say, ‚ÄúYou know what will fix police brutality? More money‚Äù https://t.co/s0oldDJSZS"
1270810991060824069,2020-06-10 20:12:05,RT @NydiaVelazquez: Today's police forces look more like armies equipped with weapons of war. A fed'l program from the 1990s sends surplus‚Ä¶
1270767827776163841,2020-06-10 17:20:34,"Politics &amp; media is rife w people who got to where they are w/ help from big money + family connections, &amp; it deeply bothers some to experience others who have accomplished similar or big things without those advantages.

They know they don‚Äôt have the range, so they belittle it. https://t.co/8sG7Dsqepz"
1270753750953742339,2020-06-10 16:24:38,"Tear gas is a chemical weapon banned in war.

It is a deep shame that US leaders chose to tear gas our own people last week. It should never, ever happen again.

This week I‚Äôm joining @RepMarkTakano &amp; @RepChuyGarcia to introduce a National Ban on Tear Gas:
https://t.co/95G7ugsA38"
1270739838883463171,2020-06-10 15:29:21,@starship_kid @UncleSacky Bingo
1270738085001793543,2020-06-10 15:22:23,"The irony of this period is that Black and Brown residents were blamed for burning their own community, when they were the ones who rebuilt it.

If you want to learn more about this piece of history, the documentary @decadeoffire is a great place to start.
https://t.co/raRw1asTfk"
1270735583896313856,2020-06-10 15:12:26,"In case anyone wonders why we go so hard in Congress:

Bronx landlords used set their own buildings on fire w/ families inside for insurance payouts. I grew up w my dad telling me stories about friends he lost.

Social and economic justice isn‚Äôt a game to us. It‚Äôs life and death. https://t.co/xRhcGXa1st"
1270718684365942786,2020-06-10 14:05:17,Wow. https://t.co/gOBgpepOHJ
1270716384314417152,2020-06-10 13:56:09,"This young woman‚Äôs testimony about her father‚Äôs role in her life,&amp; how she‚Äôs marching for George Floyd‚Äôs daughter, moved me.

I felt this way about my dad,too. The father-daughter bond is a formative one for many.

Thank you @RuschellBoone for sharing the humanity of this moment. https://t.co/bgDAa6rmbO"
1270713328571240448,2020-06-10 13:44:00,RT @abbydphillip: Absentee ballot mystery: Georgia says 96% of ballots that were requested were delivered. Voters and local officials repor‚Ä¶
1270545967755001856,2020-06-10 02:38:58,Everyone in the streets combating racism has Tucker ‚ÄúChicken Heir‚Äù Carlson so mad he‚Äôs accusing Elmo of being Antifa üòÇ https://t.co/ITyE03NI5y
1270516252247756801,2020-06-10 00:40:54,"RT @MarcelaforNy: I‚Äòm a working class, indigenous Peruvian mother + tenant organizer. Before 2018, running for office was unthinkable for m‚Ä¶"
1270477166841679874,2020-06-09 22:05:35,"These lines are not showing up as a consistent failure across the state. They are happening in majority-BIPOC precincts ‚¨áÔ∏è
https://t.co/VFbUZu6SFI"
1270476064209469440,2020-06-09 22:01:12,"Republicans don‚Äôt want vote by mail bc it chips away at their ability to do exactly this: target and disenfranchise Black voters and people of color.

These scenes are specifically happening in Black communities, not white ones.

This is BY DESIGN,&amp; it‚Äôs their test run for Nov ‚¨áÔ∏è https://t.co/YUkgt0JXCt"
1270467783713796098,2020-06-09 21:28:18,RT @brhodes: This is not a democracy. It's also the Republican strategy for November.
1270456911956250624,2020-06-09 20:45:06,"RT @DanRather: So much news today, but don't overlook the voting debacle happening right now in Georgia. This is a dire wakeup call for Nov‚Ä¶"
1270454724685430784,2020-06-09 20:36:24,RT @lbarronlopez: Took @MsLaToshaBrown 3hrs to vote today in GA. Then Brown drove over to predominantly white polling site in Atl suburbs‚Ä¶
1270454605357502466,2020-06-09 20:35:56,"RT @IlhanMN: In 2016 when I ran against a 44yr incumbent, people told me saying #BlackLivesMattters was wrong messaging and I would lose.‚Ä¶"
1270452141728161795,2020-06-09 20:26:09,RT @jbouie: an election where people are waiting for 7 or 8 hours to cast a ballot is not a free and fair election
1270451873456295936,2020-06-09 20:25:05,RT @NYWFP: This moment was made possible by the Black organizers and allies who spent decades organizing to end police secrecy and violence‚Ä¶
1270449419066978306,2020-06-09 20:15:19,"Any New Yorker can tell you that this group does not look representative of the NYPD at all.

Most NYPD patrol officers are Black, Latino, or Asian American - and the overall force is about 1/5 women.

So what‚Äôs going on here? üëÄ‚¨áÔ∏è https://t.co/YrUm07pgp2"
1270406543817793536,2020-06-09 17:24:57,Asking for a country https://t.co/IdcIqWv18H
1270401892179468292,2020-06-09 17:06:28,"RT @AyannaPressley: Yes, it‚Äôs possible to legislate justice &amp; accountability and write budgets that actually value Black lives. If it feels‚Ä¶"
1270400684345696258,2020-06-09 17:01:40,@yuhline Because you‚Äôre awesome and NY is lucky to have you in the assembly!
1270399196731002880,2020-06-09 16:55:46,"Our first slate of New York primary endorsements is out today! üó≥

New York: The primary election is on June 23rd.

Early voting starts THIS Saturday, June 13th!

Check https://t.co/dVZwJAic7m to find your early polling location. https://t.co/BY0MMb9xDl"
1270396384496291844,2020-06-09 16:44:35,RT @JulianCastro: District attorneys are on notice: if you don‚Äôt have the courage to support change and to hold police officers accountable‚Ä¶
1270382200974979072,2020-06-09 15:48:13,"Charles Booker (@Booker4KY) is running for Senate &amp; building the kind of principled, inclusive, and winning coalition in Kentucky that can inspire positive change.

The US Senate will be a better place with him in it. I‚Äôm proud to endorse him.

Let‚Äôs go:
https://t.co/yocF7U9Os5"
1270362983714217990,2020-06-09 14:31:52,"RT @Eugene_Scott: Martin Gugino, the 75-year-old Buffalo man shoved by two 30-something police officers, is a member of PUSH Buffalo, which‚Ä¶"
1270357518074744833,2020-06-09 14:10:09,@JamaalBowmanNY Wouldn‚Äôt have it any other way üí™üèΩüíú
1270354143161573376,2020-06-09 13:56:44,RT @heatherscope: ‚ÄúIt is not crazy for black and brown communities to want what white people have already given themselves and that is fund‚Ä¶
1270352886627696641,2020-06-09 13:51:44,"Not long ago, ‚ÄúBlack Lives Matter‚Äù was *also* a rallying cry for justice that politicians worried polled too poorly, was too ‚Äúdivisive‚Äù &amp; required ‚Äútoo much explanation.‚Äù

Now Mitt Romney is saying it.

Progress is a process. It‚Äôs normal to work through discomfort along the way."
1270343169780178944,2020-06-09 13:13:08,"@obrien Perhaps a bad choice to your aims &amp; focus

It‚Äôs been an excellent choice for the organizers who have been trying to prompt a national convo for years about multibillion-dollar police depts.

‚ÄúRefund‚Äù or ‚Äúreallocate‚Äù didn‚Äôt do that. ‚ÄúDefund‚Äù did. BLM had similar early resistance."
1270339987914006529,2020-06-09 13:00:29,"And by the way, the fact that ppl are scrambling to repackage this whole conversation to make it palatable for largely affluent, white suburban ‚Äúswing‚Äù voters again points to how much more electoral &amp; structural power these communities have relative to others

Just for awareness!"
1270336665119264769,2020-06-09 12:47:17,"Our job as policymakers is to take the public‚Äôs mandate and find + create pockets to advance as much progress as possible.

Progress takes a team of different roles. You don‚Äôt criticize a pitcher for not being a catcher.

We can respond in ways that don‚Äôt undercut impt work"
1270335095648538631,2020-06-09 12:41:03,"Lots of DC insiders are criticizing frontline activists over political feasibility and saying they need a new slogan.

But poll-tested slogans and electoral feasibility is not the activists‚Äô job. Their job is to organize support and transform public opinion, which they are doing."
1270334160503267329,2020-06-09 12:37:20,"‚ÄúDefund‚Äù means that Black &amp; Brown communities are asking for the same budget priorities that White communities have already created for themselves: schooling &gt; police,etc.

People asked in other ways, but were always told ‚ÄúNo, how do you pay for it?‚Äù

So they found the line item."
1270196831356583936,2020-06-09 03:31:38,"RT @mayaharris_: She knows it‚Äôs out of 100, right?"
1270152960866222081,2020-06-09 00:37:18,"RT @RollingStone: Ramsey Orta, who filmed the deadly Eric Garner arrest in 2014, has been released from prison https://t.co/Gbmum0hrR8 http‚Ä¶"
1270136499057635333,2020-06-08 23:31:54,"Massachusetts: @EdMarkey is the real deal in the Senate.

He makes clear commitments over vague platitudes- a rare quality in a time when it‚Äôs politically easier to do the opposite.

You are lucky to have him as a Senator,&amp; I hope you organize to keep him: https://t.co/1fYwHT2gZp https://t.co/JHfzV9Y57z"
1270131820873625600,2020-06-08 23:13:18,RT @NickKristof: This is a police force begging to be defunded.
1270080752185675778,2020-06-08 19:50:22,"üó≥ HOW TO VOTE IN NY:

Absentee: Apply by June 16th, return by June 23rd

Early Voting: üö® Early voting starts THIS SATURDAY, June 13th! (check locations via our link)

Election Day: Cast your ballot on TUESDAY, JUNE 23rd.

Plan at https://t.co/dVZwJAic7m, absentee info below ‚¨áÔ∏è https://t.co/e8DOglBGeT"
1270067419306962945,2020-06-08 18:57:24,Stay in the streets. It‚Äôs working ‚¨áÔ∏è https://t.co/XoDiQ0dLJK
1270066913603915776,2020-06-08 18:55:23,RT @AsteadWesley: It is a success of the movement that police reform is the scott walker position
1270065245856374785,2020-06-08 18:48:45,"The @PressSec comment is steeped in a long, hurtful, &amp; horrendous history of stripping women of color of titles and diminishing them to ‚Äúthe help.‚Äù

Perhaps she isn‚Äôt aware that what she did is mired in racist history. If that is the case, I look forward to her apology tomorrow."
1270061346470707201,2020-06-08 18:33:16,".@PressSec wouldn‚Äôt be the first person to mistake a women of color  for having a lower position or title than she does, but Kayleigh - in case you haven‚Äôt picked up a newspaper in two years, I‚Äôm a Congresswoman. https://t.co/3FRHo7dpTL"
1270054520840687624,2020-06-08 18:06:08,RT @nowthisnews: 'We would not be giving local police departments who are undertrained a tank if we didn't give the military too much money‚Ä¶
1270040359045926913,2020-06-08 17:09:52,"Grassroots: ‚ÄúWe need major investments in healthcare, housing, and public education.‚Äù

Conservatives: ‚ÄúThat‚Äôs a nice idea, but fiscally irresponsible. You need to state how you‚Äòre going pay for things!‚Äù

G: ‚ÄúLet‚Äôs use money from overfunded police depts.‚Äù

C: ‚Äú...not like that‚Äù"
1270032936310628352,2020-06-08 16:40:22,"RT @ACLU: 3 million students attend schools with cops, but no nurses."
1269802117667205120,2020-06-08 01:23:11,"RT @BreeNewsome: The political establishment will attempt to take a small amount of $ from these enormous police budgets, transfer it to a‚Ä¶"
1269765220039360513,2020-06-07 22:56:34,"‚ÄúA new world is not only possible, she is on her way.‚Äù

- Arundhati Roy https://t.co/hDMLE3fxs3"
1269762235926183936,2020-06-07 22:44:42,This is unethical. https://t.co/QWteOjboDF
1269761870459801602,2020-06-07 22:43:15,"RT @AyannaPressley: Know y/our history, American history, don't sanitize or whitewash it. You can't celebrate Dr. King &amp; in the same breath‚Ä¶"
1269679234441711616,2020-06-07 17:14:53,"RT @elielcruz: A year ago today our community lost #LayleenPolanco, a 27-year-old Afro-Latinx trans woman was pronounced dead in a solitary‚Ä¶"
1269666876277301248,2020-06-07 16:25:47,"RT @thehill: Rep.¬†@AOC: ""We would not be giving local police departments who are undertrained A TANK if we didn't give the military too muc‚Ä¶"
1269664630051397633,2020-06-07 16:16:51,"RT @ava: Everyday. Everywhere. For. Black. People. This. Is. A. Very. Real. Possibility. 

White. People. Get. To. Ask. And. Argue. And. As‚Ä¶"
1269659657695571968,2020-06-07 15:57:06,"RT @JuliaCarmel__: The @NYCMayor announced this morning that the curfew has been lifted. 

There is thankfully no curfew in place tonight o‚Ä¶"
1269659423301132290,2020-06-07 15:56:10,"RT @ZackFinkNews: .@NYCMayor announces reforms of NYPD:

-Shift funding from NYPD to youth and social services 
-Repeal of 50-a ( making di‚Ä¶"
1269658243095302144,2020-06-07 15:51:28,"RT @zellnor4ny: THREAD: Now that curfew is lifted, it‚Äôs a good time to discuss reverse warrants. What's a reverse warrant you say? Basicall‚Ä¶"
1269394836383305728,2020-06-06 22:24:47,RT @TonyaJoRiley: INBOX: @OversightDems + @AOC @RepPressley @RepRaskin @RepLynch want answers about CBP‚Äôs surveillance of protestors this p‚Ä¶
1269327562918047751,2020-06-06 17:57:28,üó≥ https://t.co/dVZwJAic7m üó≥ https://t.co/1P9HCYlcOF
1269326646517157889,2020-06-06 17:53:50,"Ayo, New York!

The movement for justice must show up EVERYWHERE, from the streets to the voting booth.üó≥

New York‚Äôs primary elections are on JUNE 23RD.

Go to https://t.co/dVZwJAic7m to get your ballot.

Fmr public defender &amp; absentee expert @tiffany_caban will show you howüòâ‚¨áÔ∏è https://t.co/r74tbgdQy2"
1269287907745042433,2020-06-06 15:19:54,RT @icecube: 57 Officers just quit on their city because justice was given to a 75 year old man.
1269273246979043329,2020-06-06 14:21:38,"RT @NY1: As protesters demand police reform, a proposal is gaining steam: reducing the #NYPD‚Äôs budget.

Rep. @AOC expressed support for tha‚Ä¶"
1269102602542866432,2020-06-06 03:03:33,RT @AliVelshi: Let‚Äôs just remember the 57 members of the Buffalo Emergency Response Team HAVEN‚ÄôT retired from the police dept. They simply‚Ä¶
1269090423735189506,2020-06-06 02:15:10,"RT @SallyGold: .@thenyic is threatening to sue @NYCMayor over his curfew, calling it unconstitutional. Others like @nychange &amp; @VOCALNewYor‚Ä¶"
1269077842991742976,2020-06-06 01:25:10,RT @ClintSmithIII: The NFL should formally apologize to Colin Kaepernick.
1269033162526601216,2020-06-05 22:27:38,"RT @ajplus: Today is #BreonnaTaylor's birthday. She would be 27.

In March, police killed her when they stormed her home while she was slee‚Ä¶"
1268987228061138945,2020-06-05 19:25:06,RT @nowthisnews: UPDATE: @AOC has endorsed @MondaireJones for Congress https://t.co/NMy5Hwf2da https://t.co/LXJIjm4Vpk
1268986381986136064,2020-06-05 19:21:44,"Wow.

This is a courageous example of the kind of material actions and commitments allies can make - shout out for walking the walk, @alexisohanian. https://t.co/Ku94GI04SY"
1268904353190105089,2020-06-05 13:55:47,"RT @MondaireJones: Growing up poor, black, &amp; gay, I never imagined someone like me could run for Congress. I‚Äôm proud to be endorsed by @AOC‚Ä¶"
1268903527990124546,2020-06-05 13:52:30,".@MondaireJones is a deeply committed fighter for justice.

He‚Äòs a people‚Äôs champ rejecting corporateüí∞ who belongs in Congress representing Rockland &amp; Westchester (where I went to public school!)

Let‚Äôs rally around Mondaire. I‚Äôm proud to endorse him: https://t.co/BtENIpBb7j"
1268702650276732928,2020-06-05 00:34:17,"Civil liberties protect ourselves from governments using ‚Äúcrises‚Äù and ‚Äúemergencies‚Äù as justification to dismantle our rights.

This is suspension of habeus corpus, it is unconstitutional, and it is deeply disturbing that both NYPD is seeking it and a judge rubber stamped it. https://t.co/t3K4EoNB6j"
1268674322530480131,2020-06-04 22:41:43,"How injustices compound: Many protestors are people who‚Äòve lost health insurance during COVID.

After being beaten, tear gassed, or badly hurt, many are afraid to seek medical care to check for bleeds, fractures, or head injuries because they are newly uninsured."
1268586382768975872,2020-06-04 16:52:17,RT @BreeNewsome: Notice how conservatives use the language of ‚Äúcoup‚Äù and ‚Äúinsurrection‚Äù to describe Black people challenging structural rac‚Ä¶
1268415067407749121,2020-06-04 05:31:32,"@JBennet Other Qs: Did you consider the author‚Äòs explicit call for violence (‚Äúno quarter‚Äù) when you chose to run this piece?

Is it your belief that you are not responsible for the factual integrity of what you publish?

Do you believe calling for violence is an ‚Äúopinion‚Äù?"
1268413462906048520,2020-06-04 05:25:10,"Can you explain why you chose to publish misinformation in your pages in service of an ‚Äúopinion‚Äù for state violence?

Can you explain your choice to publish it on the anniversary of Tiananmen Square?

Do you believe your Black colleagues saying your choices have put them at risk? https://t.co/La67XY7TTx"
1268403569000091648,2020-06-04 04:45:51,"RT @RepPressley: Qualified immunity shields police from accountability, impedes true justice, and undermines the constitutional rights of e‚Ä¶"
1268396565573574656,2020-06-04 04:18:01,RT @amyyqin: Surreal and horrifying to wake up on the morning of June 4 - the 31st anniversary of the Tiananmen Square crackdown - to this‚Ä¶
1268396189755506688,2020-06-04 04:16:31,"RT @DEADLINE: Los Angeles Mayor Eric Garcetti, City Officials Cutting $100-$150 Million From LAPD Budget, Funds To Be Reinvested In Communi‚Ä¶"
1268387165421125633,2020-06-04 03:40:40,"Horrifying. You start with the tiny possibility that two officers may be walking over to deescalate the abusive one.

Instead, they join in beating a man trying to get out of traffic.

This isn‚Äôt a problem of bad apples or incidents. This is an institutional and systemic crisis. https://t.co/eoBXXnNXZV"
1268360755222581249,2020-06-04 01:55:43,RT @brianschatz: The New York Times is gonna both sides the fascism so I guess that‚Äôs good to know. Anyway we got Mattis so that was good.‚Ä¶
1268355931395538950,2020-06-04 01:36:33,üôãüèΩ‚Äç‚ôÄÔ∏è https://t.co/avzK3A28MQ
1268355716278083584,2020-06-04 01:35:42,"RT @nhannahjones: I‚Äôll probably get in trouble for this, but to not say something would be immoral. As a black woman, as a journalist, as a‚Ä¶"
1268349852175544322,2020-06-04 01:12:24,"RT @JamaalBowmanNY: Wow. I am so grateful for this endorsement. 

@AOC‚Äôs commitment to working people of all backgrounds, her engaged prese‚Ä¶"
1268349178620624896,2020-06-04 01:09:43,@GenePark @jmirsky87 üòä
1268348038239657985,2020-06-04 01:05:11,"Not only is Jamaal a profound community leader, but I believe he‚Äôd make a fantastic colleague in the United States House of Representatives.

Support his campaign for Congress here: https://t.co/110v6GXeVK"
1268347662014779393,2020-06-04 01:03:42,"Jamaal has dedicated the last decade of his life serving his community as a school principal and community servant.

I could tell you all about him, but he tells his story better than anyone else.  https://t.co/36HhnlMWAl"
1268346992385765376,2020-06-04 01:01:02,"This moment requires renewed and revitalized leadership across the country AND at the ballot box.

On June 23rd, New York will be holding primary elections.

Tomorrow I will be rolling out a slate of New York endorsements.

Tonight, I am endorsing @JamaalBowmanNY for Congress. https://t.co/vsCAeIi2kk"
1268333872317640704,2020-06-04 00:08:54,"RT @SenJeffMerkley: This picture really troubles me. Armed forces in the nation‚Äôs capital, appearing to have been stripped of all badges an‚Ä¶"
1268237668900626437,2020-06-03 17:46:37,"RT @KristenClarkeJD: It is outrageous that one man, Rand Paul, has BLOCKED Congress from final passage of the Emmett Till Antilynching Act.‚Ä¶"
1268236887916818433,2020-06-03 17:43:31,"RT @georgejoseph94: NEW: In secret recordings, police officers in Mount Vernon, NY say their colleagues framed innocent people again and ag‚Ä¶"
1268224878555148288,2020-06-03 16:55:48,¬°Esooooo! üáµüá∑üíÉüèæ https://t.co/oatK5alt23
1268218710671712257,2020-06-03 16:31:17,"RT @kenklippenstein: FBI found ""no intelligence indicating Antifa involvement"" in May 31 violence, per FBI report leaked to me.

That was t‚Ä¶"
1268217403168751616,2020-06-03 16:26:05,"RT @chezseamus: Take @WellsFargo: ""Our company will do all we can to support our diverse communities,"" CEO said this week.

In '12, it paid‚Ä¶"
1268208807173410816,2020-06-03 15:51:56,"Yes, I will name names.

@amazon needs to stop integrating Ring cameras w/ police depts &amp; selling facial recognition tech to ICE.

@Nextdoor needs to publicly deal w/ their Karen problem

Commercial banks need to stop lobbying against the Community Reinvestment Act

Name yours ‚¨áÔ∏è"
1268208077037281281,2020-06-03 15:49:02,"I see a lot of corporations releasing bland statements w a hashtag.

No. This moment calls for transformation.

Your statement should include your org‚Äôs INTERNAL commitments to change, particularly if you‚Äôve been called on it before.

Give people change.
https://t.co/JvFpn2cMeA"
1268196849611165696,2020-06-03 15:04:25,"As thousands hit the streets in NYC for justice, please make sure that you are caring for yourselves physically, mentally, and emotionally.

If you are regularly out w/ high exposure for ANY reason, please get COVID tested.

Testing is now free for all in NYC. As it should be. https://t.co/8xrolI5MaU"
1268175612268740609,2020-06-03 13:40:02,RT @itsgabrielleu: #BreonnaTaylor killers are still on the job. Its not enough to fire the chief. Arrest her killers and bring them to just‚Ä¶
1268038251820048386,2020-06-03 04:34:12,"Goodbye, Rep. Steve King. You are certainly not the only white supremacist in federal government, but you were among the most prominent.

It‚Äôs a shame Republicans held you up as long as they did.

SEE YA üëãüèΩ https://t.co/tymvh0hwLR"
1268020960411684864,2020-06-03 03:25:30,"UPDATE: We are getting confirmation that the Brooklyn side of the bridge is now opening up.

You can get off there.

Stay safe everyone and get some sleep. https://t.co/heeCOSMVf1"
1268020358432645122,2020-06-03 03:23:06,"UPDATE: Hearing from @JumaaneWilliams that the BK side is now opening up. People can get off on that side.

PLEASE stay safe, head home and get some sleep."
1268017382045495308,2020-06-03 03:11:17,"What? No. This is dangerous.

I‚Äôm heading there now. https://t.co/Dhhycbn05T"
1267949828262240260,2020-06-02 22:42:51,"RT @OversightDems: #BreonnaTaylor. Don‚Äôt forget her. 

Shot EIGHT times while she was asleep in her bed on March 13 when the police broke i‚Ä¶"
1267937553149280262,2020-06-02 21:54:04,Now. https://t.co/QWb0WYNDcR
1267929593207500801,2020-06-02 21:22:26,Want to really stand for racial justice? Change your name. https://t.co/XTlIJrfNx4
1267923222659506178,2020-06-02 20:57:07,"RT @soledadobrien: This 2 minute video, which unfolded on live tv, is the story of what it is to be Black in America. The Black family trie‚Ä¶"
1267906351293964288,2020-06-02 19:50:05,RT @BernieSanders: Those in power who want us to focus on looting and property damage instead of the thousands peacefully protesting are tr‚Ä¶
1267894191452979201,2020-06-02 19:01:46,Stay safe everyone! https://t.co/MbBiPegQme
1267859810583805952,2020-06-02 16:45:09,"This is Bomba, a form of music &amp; dance in PR that centers our isla‚Äôs Afro-Boricua history of strength &amp; resilience despite colonization and slavery.

Each performance is unique:  drummer and dancer improvise in response to each other. #PuertoRicoSeLevanta üáµüá∑ por #BlackLivesMatter https://t.co/kiyYfacmpG"
1267833910165221376,2020-06-02 15:02:14,RT @MatthewACherry: But took months to figure out testing centers for Covid-19
1267829121410719746,2020-06-02 14:43:12,RT @SSWorks: .@AOC is right. The only way to end the unrest is to end the root cause: oppression. https://t.co/NAxX9R2PSM
1267650595277725696,2020-06-02 02:53:48,You‚Äôve got to be kidding me. https://t.co/XJqrTH5P7c
1267629357150998528,2020-06-02 01:29:24,"CBP is the largest law enforcement agency in the country, &amp; it very well may be one of the most dangerous.

They do NOT have oversight. Not even the measures local PDs have.

Their culture is toxic, they have 0 accountability,&amp; Congress gave them a blank check. This is dangerous."
1267628439982485504,2020-06-02 01:25:46,"Last year CBP officers circulated mockup images of my violent rape ahead of my visit to their facilities.

They hung framed photos of officers aiming guns at people on the walls.

Later that day,they refused to protect members of Congress when armed Trump supporters were outside. https://t.co/DdcYTSyZY1"
1267622414562799616,2020-06-02 01:01:49,He holds that Bible like it‚Äôs burning him.
1267620685444190208,2020-06-02 00:54:57,"RT @Walldo: Illinois‚Äô Pritzker is the first governor I‚Äôve seen to respond, on CNN now: ""I reject the notion that the federal government can‚Ä¶"
1267619793072504832,2020-06-02 00:51:24,RT @RubenGallego: I refuse to let this Democracy die. I will resist. I do not consent and I will not follow martial law.  #resist
1267619694170816513,2020-06-02 00:51:00,RT @RepJohnYarmuth: The President just declared war on millions of Americans and the 1st Amendment. He is the greatest threat to the Americ‚Ä¶
1267593188514181127,2020-06-01 23:05:41,"RT @abbydphillip: In the Rose Garden, Trump says he is an ‚Äúally of all peaceful protestors‚Äù as the world watched peaceful protestors being‚Ä¶"
1267570124162203651,2020-06-01 21:34:02,RT @RBReich: Your reminder that tear gas is a chemical weapon banned in war.
1267565784299114497,2020-06-01 21:16:47,"For leaders enforcing a curfew, what plans are in place to protect ppl experiencing homelessness (yet another crisis disproportionately facing Black Americans)?

Genuinely wondering. Feel free to share what you see here.

Without a plan, the homeless will be subject to violence."
1267552645537021955,2020-06-01 20:24:35,"RT @DavidBegnaud: BREAKING: George Floyd died due to asphyxia from neck &amp; back compression that led to a lack of blood flow to the brain, a‚Ä¶"
1267519370009497600,2020-06-01 18:12:21,RT @KamalaHarris: It‚Äôs been one week since George Floyd was murdered and the other three officers involved still have not been held account‚Ä¶
1267515549132689409,2020-06-01 17:57:10,"Happy Pride üåà

Stonewall was started by Marsha P. Johnson, Black trans organizer rebelling against violent policing of LGBTQ+ people. She cofounded STAR w Sylvia Rivera for justice.

During COVID, discrimination against LGBTQ+ blood donors is especially cruel. Let‚Äôs end it ‚¨áÔ∏è https://t.co/Ko1vh2rHDi https://t.co/SPEWn1LGwl"
1267508555680223234,2020-06-01 17:29:23,RT @ljoywilliams: Governor Cuomo said he would sign a bill to #Repeal50A and end police secrecy. Use our online tool to contact your state‚Ä¶
1267504424529821698,2020-06-01 17:12:58,"True peace is the presence of justice.

Justice means recognizing and dismantling the violence of racial injustices in policing, housing, healthcare, pollution, wages, etc.

We need legislatures to step up now with POLICY changes.

In NY, repealing 50-a is one place to start. https://t.co/c8CRIl0z6Q"
1267493493112479744,2020-06-01 16:29:32,RT @J__Velasquez: Democrats in the NY Legislature are huddling today to discuss the recent protests. The law shielding police personnel rec‚Ä¶
1267492592591278081,2020-06-01 16:25:57,"RT @chrislhayes: The two most flagantly lawless presidents of the last 60 years have both been the most insistent on ""law and order,"" which‚Ä¶"
1267492457996050432,2020-06-01 16:25:25,RT @MaraGay: A New York police union came after the mayor‚Äôs daughter. Think about that.
1267486515250298882,2020-06-01 16:01:48,"Again, we need de-escalation.

@SBANYPD, apologize and own this egregious behavior."
1267485689375064065,2020-06-01 15:58:31,"Last night the NYPD Sergeants‚Äô union *publicly threatened the mayor‚Äôs daughter* while they held her.

Indefensible.

If police budgets bought peace, the $6 *billion* NYPD budget would‚Äôve bought the most sophisticated de-escalatory operation in the world.

Clearly, it didn‚Äôt. https://t.co/wjl8MG059w"
1267484696402890753,2020-06-01 15:54:35,@JohnBoyega No problem. Stay safe üíú
1267219126130483201,2020-05-31 22:19:18,RT @ACLU: Cool tweet. Will you commit to stop selling face recognition surveillance technology that supercharges police abuse?
1267187952330911745,2020-05-31 20:15:25,RT @brianschatz: I will be introducing an amendment to the National Defense Authorization Act to discontinue the program that transfers mil‚Ä¶
1267187455247220737,2020-05-31 20:13:27,One year ago. https://t.co/hXPqV9L8vJ
1267173014367612928,2020-05-31 19:16:04,"A year ago, after CBP &amp; ICE violently kidnapped children from families &amp; traumatized thousands, a small # of us insisted that Congress giving them billions more money w/ 0 accountability was dangerous &amp; would have destabilizing effects.

We were belittled &amp; ignored.

Now this ‚¨áÔ∏è https://t.co/6PMXDNRtMh"
1267156802833170435,2020-05-31 18:11:39,"RT @JumaaneWilliams: Considering that these protests are linked to policing, and communities who feel like there's no accountability for mi‚Ä¶"
1267151326577938434,2020-05-31 17:49:53,"We followed up in hearings.

Repeatedly I was told this was a line that cannot be crossed despite clear, targeted violence that white supremacists are engaged in - bc the risks to civil liberties were too great.

The double standard is staring right at us.
https://t.co/DKjosMdjpt"
1267149918499676163,2020-05-31 17:44:17,"I have questioned the @FBI in Congress as to why they don‚Äôt use domestic terror labels for white supremacist groups.

They testified that the law prevents labeling US groups as terrorists, w/ severe civil liberties concerns.

Where is that concern today?
https://t.co/OHhkPrOKQu"
1267145864696549377,2020-05-31 17:28:11,RT @WesleyLowery: Context: For years federal law enforcement has been hesitant to label/treat white supremacists groups as terrorist orgs -‚Ä¶
1266971256588566529,2020-05-31 05:54:21,"Running SUVs in crowds of people should never, ever be normalized. No matter who does it, no matter why."
1266971091668434945,2020-05-31 05:53:42,"@NYCMayor your comments tonight were unacceptable.

As mayor, this police department is under your leadership.

This moment demands leadership &amp; accountability from each of us. Defending and making excuses for NYPD running SUVs into crowds was wrong.

Make it right. De-escalate."
1266915645825994754,2020-05-31 02:13:22,RT @jamaaltbailey: Not sure in what world this is acceptable in. @NYPDnews we should know who was responsible for this action. This is unac‚Ä¶
1266905029723795456,2020-05-31 01:31:11,"RT @AOC: We need rapid, real de-escalation and we need it right now. We cannot descend into the chaos of violence.

Please everyone, stay s‚Ä¶"
1266901715363790849,2020-05-31 01:18:01,"We need rapid, real de-escalation and we need it right now. We cannot descend into the chaos of violence.

Please everyone, stay safe."
1266900672672419845,2020-05-31 01:13:52,"NYPD officers just drove an SUV into a crowd of human beings. They could‚Äòve killed them, &amp;we don‚Äôt know how many they injured.

NO ONE gets to slam an SUV through a crowd of human beings.

@NYCMayor these officers need to be brought to justice, not dismissed w/‚Äúinternal reviews.‚Äù https://t.co/oIaBShSC1S"
1266890004300791808,2020-05-31 00:31:29,RT @mukhtaryare: BREAKING: Minneapolis Public Schools board members have written a resolution terminating the school district's contract wi‚Ä¶
1266886833583120386,2020-05-31 00:18:53,RT @MauriceWFP: Can anybody in law enforcement help me understand why police officers would make it their official business to loot water f‚Ä¶
1266880469469200390,2020-05-30 23:53:36,RT @brigid_warnke: Wow. @Jasgripper just pointed out that NYPD presence in @NYCSchools is larger than the ENTIRE Boston police force.  A po‚Ä¶
1266868341769191429,2020-05-30 23:05:24,"Plenty of people can‚Äôt be in the streets: disability, family care, etc.

But many are asking what we can do in this moment. We can ORGANIZE.

Join me right now@7 for a parent workshop on how to oppose a school-to-prison budget w/ @AQE_NY &amp; @MaketheRoadNY:

https://t.co/S15F4VxlzM https://t.co/BLPXDZWxRD"
1266857262968180737,2020-05-30 22:21:23,"RT @ACLU: The NSA has no role in domestic law enforcement matters. If these reports are true, they raise serious constitutional concerns an‚Ä¶"
1266831878549635072,2020-05-30 20:40:31,"RT @Public_Citizen: .@AOC: If you're calling for an end to unrest, but not calling out police brutality, not calling for health care as a h‚Ä¶"
1266802090078351362,2020-05-30 18:42:08,"Important.

If you are at a demonstration and something doesn‚Äôt seem right, this could be why.

Document it ‚¨áÔ∏è https://t.co/FcYuAQeWJV"
1266787687358398464,2020-05-30 17:44:55,"Congress often shies away from directly addressing police brutality.

But the 1st step to solving a problem is to name it. We cannot have a Congress too afraid to condemn brutality.

Call your member to cosponsor @AyannaPressley‚Äôs resolution. Demand a floor vote. Yes, call Dems. https://t.co/G4ox92Cu8z"
1266783360577236993,2020-05-30 17:27:43,"3. What does mental healthcare look like in your city? Too often our prisons are used to discard ppl struggling w mental health, housing. Invest in the latter.

4. Healthcare, living wage, housing &amp; education guarantees. Without them we feed the cycle.

What are your ideas? ‚¨áÔ∏è"
1266783358731931648,2020-05-30 17:27:43,"A lot of ppl are asking abt policy solutions. Here are a few:

1. Ask your mayor &amp; city council for strong Citizen Review Boards

2. Budgets. They‚Äôre powerful. Find your city‚Äôs police budget. Compare that to the school &amp; housing budget. More $ in fmr ‚û°Ô∏è school-to-prison pipeline"
1266776493520289792,2020-05-30 17:00:26,"RT @abbydphillip: This tweet comes as officials in Minnesota are investigating whether outsiders, including white supremacists, are incitin‚Ä¶"
1266775916170162180,2020-05-30 16:58:08,"RT @AyannaPressley: Congress needs to act.

Call your member of Congress and ask them to co sponsor our resolution &amp; demand a floor vote NO‚Ä¶"
1266773713422254082,2020-05-30 16:49:23,"RT @IlhanMN: Minneapolis, people are exploiting our grief and destroying our city. 

The fires in area in Minneapolis where no protest took‚Ä¶"
1266773686423617536,2020-05-30 16:49:17,RT @nhannahjones: There are people in these uprisings taking advantage of black pain to mete out destruction. We as journalists have deeper‚Ä¶
1266760124414164992,2020-05-30 15:55:23,RT @inLaurasWords: ‚ÄúThe true peace is a just society.‚Äù Thank you @AOC for that IGLive. Your voice is so needed.
1266759999654592512,2020-05-30 15:54:53,"RT @itsjuanlove: . @AOC bringing the actual factuals on IG live

‚ÄúIf you are calling for an end to this unrest, but you are not calling for‚Ä¶"
1266751056110911488,2020-05-30 15:19:21,"Defunding afterschool programs to grow a $6 billion police budget is part of the problem.

Many NYers are asking what we can do in this moment. One major answer is to ORGANIZE.

Join me tonight for a parent organizing workshop w/ @AQE_NY on opposing education budget cuts in NY. https://t.co/NH7cIKrkM3"
1266579280038936579,2020-05-30 03:56:46,"A Black New York State Senator (@zellnor4ny) and a Black NYS Assemblywoman (@YourFavoriteASW) were both pepper sprayed in Brooklyn today.

They were present as elected leaders to keep the peace and serve their communities.

Completely, utterly unacceptable. https://t.co/NoT8g4uAli"
1266577485501812737,2020-05-30 03:49:39,"RT @jason_koebler: NEW: It is the position of NYC bus drivers that they will not be used to transport arrested protesters

""It is in solida‚Ä¶"
1266574552303362048,2020-05-30 03:37:59,"Solidarity, @TWULocal100. ‚úäüèΩ https://t.co/jJQe59J69G"
1266531612033941507,2020-05-30 00:47:21,"Huge update!

Our #SquadFund just blew past its $50k goal &amp; has raised $128k for frontline racial justice groups @BlackVisionsMN and @reclaimtheblock.

Thank you ALL for showing up. This will change lives. And I am thankful every damn day for sisterhood. https://t.co/3A53h4zTs4"
1266521637547057153,2020-05-30 00:07:43,"If you work at Facebook and are inside agitating for change, thank you.

Don‚Äôt let up.

Our democracy and the safety of so many lives are in the balance. Workers can tip it for the better.

Keep pushing everywhere. We see you. https://t.co/CeQ3nRzJTe"
1266497184742211593,2020-05-29 22:30:33,"RT @IlhanMN: Organizers in Minnesota are putting their lives on the line for justice. It‚Äôs time for us to show up for them. 

Join @AyannaP‚Ä¶"
1266493680464154624,2020-05-29 22:16:38,"If you killed a man w/ health conditions, you still killed a man.

George Floyd couldn‚Äôt breathe. 3 officers held him down, &amp; one w/ a recorded, violent history kneed his neck as others helped.

They waited 9 minutes for his last breath. This was not an accident. It was murder. https://t.co/aI5W6w7Vmt"
1266476711971041283,2020-05-29 21:09:12,"RT @KeeangaYamahtta: If you don‚Äôt care about MLK‚Äôs democratic socialist politics, his anti-imperialist politics or his condemnation of US h‚Ä¶"
1266464930418561024,2020-05-29 20:22:23,"Alright everyone.

Now is the time to step up for the frontline organizers who‚Äòve been engaged in the struggle for justice in Minnesota.

Join @IlhanMN, @RepPressley, @RashidaTlaib &amp; I in raising $50k for @BlackVisionsMN and @reclaimtheblock.

 https://t.co/QQwaXmdbtO"
1266464672254918656,2020-05-29 20:21:22,"RT @donie: ""If anyone, including a politician, is saying things that can cause, that is calling for violence or could risk imminent physica‚Ä¶"
1266462014160941057,2020-05-29 20:10:48,"Police brutality + targeting Black communities: unjust

100k+ COVID deaths w/ disproportionate Black impact: needless

40+ million unemployed: unnecessary

Poverty: unnecessary
Homelessness: unnecessary
Low wages: unnecessary

None of this has to happen.
A new way is possible."
1266457528088571908,2020-05-29 19:52:58,"RT @RashidaTlaib: I'm teaming up with my sisters in service @IlhanMN @AyannaPressley @AOC to raise $50,000 for Minnesota grassroots organiz‚Ä¶"
1266443195690475521,2020-05-29 18:56:01,RT @J__Velasquez: Friendly reminder that police disciplinary records are shielded from public view in New York thanks to 50-a law.
1266437442862751744,2020-05-29 18:33:10,"RT @RepPressley: For too long, Black &amp; brown bodies have been profiled, surveilled, policed, lynched, choked, brutalized &amp; murdered at the‚Ä¶"
1266423071243714565,2020-05-29 17:36:03,https://t.co/sck0AhKudl
1266422625032642563,2020-05-29 17:34:17,"Now @VICE reporting that @CBP is sending predator drones over #GeorgeFloyd protests in Minneapolis.

This is what happens when leaders sign blank check after blank check to militarize police, CBP, etc while letting violence go unchecked.

We need answers. And we need to defund. https://t.co/tfBZFRNI9G"
1266380738628333569,2020-05-29 14:47:50,RT @CNN: A black reporter from CNN was arrested while legally covering the protests in Minneapolis. A white reporter also on the ground was‚Ä¶
1266193720958992385,2020-05-29 02:24:42,"RT @CharlesMBlow: It is estimated that the Boston Tea Party, the riot that gave birth to this country, resulted in $1.7 million dollars (in‚Ä¶"
1266176832015122433,2020-05-29 01:17:35,RT @ewarren: Zuckerberg went on Fox News‚Äîa hate-for-profit machine that gives a megaphone to racists and conspiracy theorists‚Äîto talk about‚Ä¶
1266172952481017859,2020-05-29 01:02:10,"üé∂ Trump and Zuckerberg sitting in a tree /
Messing up our democracy üé∂ https://t.co/geknSzV6RH"
1266161486914871298,2020-05-29 00:16:37,"RT @Public_Citizen: Five months later, this exchange between @AOC and Mark Zuckerberg is still breathtaking.

""So you would say that white‚Ä¶"
1266161036828323841,2020-05-29 00:14:49,RT @iAmDrTyree: Tony McDade. HE was killed by Tallahassee police this morning. HE was unarmed. HE was a Black trans man. Say HIS name. Say‚Ä¶
1266159805053440001,2020-05-29 00:09:56,RT @chancetherapper: https://t.co/APnQ0j15Hq
1266159158916718593,2020-05-29 00:07:22,RT @BernieSanders: This is what unfettered capitalism is all about. In the past 30 years the top 1% increased its wealth by $21 trillion wh‚Ä¶
1266137206235828229,2020-05-28 22:40:08,@McLeemz 4 HOURS? üòß prep work is no joke either
1266136868116201474,2020-05-28 22:38:47,"@CarIegend It‚Äôs such a common and brazen practice to be told or ‚Äúencouraged‚Äù to clock out while still being told to work.

The veiled threat is that you need to work for free or else you won‚Äôt be able to work at all."
1266136021802123264,2020-05-28 22:35:25,"@OliverHidWoh Yes. This is why we pay our interns! It‚Äôs worked out well: our interns are incredibly talented, brilliant, diverse, and come from working class backgrounds &amp; local community.

Our youth get a life-changing opportunity &amp; there‚Äôs üíØ no way we‚Äôd be able to do it if they were unpaid."
1266132223931092992,2020-05-28 22:20:20,@spiritnght What on earth! This one‚Äôs bad
1266131973355065344,2020-05-28 22:19:20,@adrielhampton Agreed - especially how many are structured today
1266131420436746251,2020-05-28 22:17:08,https://t.co/mctOWivzif https://t.co/WmYRpxGUIz
1266130969674817537,2020-05-28 22:15:21,"I‚Äôm curious - how has wage theft shown up in your life? Have you ever had an employer steal your wages?

(Wage theft isn‚Äôt just not receiving a check - it‚Äôs being forced to do work off the clock, not being paid for overtime, being denied breaks, etc.)

Share your stories below ‚¨áÔ∏è https://t.co/4SiyW1IzyE"
1266128868517298177,2020-05-28 22:07:00,"I experienced it first hand as a waitress.

A manager forced me to clock out before I was done finishing my work, &amp; I couldn‚Äôt leave.

When I spoke up about it, my schedule was changed to late, unusual, poorly tipping hours for a week.

(image source: https://t.co/gOgUrALX0R) https://t.co/QQE94wLCRo"
1266126531270754304,2020-05-28 21:57:43,One of the largest forms of theft in the US today is wage theft.
1266071346167123970,2020-05-28 18:18:26,"Remember this?

Facebook‚Äôs ties to white supremacy-linked orgs and sympathy for disinformation campaigns is not a small thing.

It is high level decision making, and appears to come from the top.

Rewatch this moment. Especially the end. It‚Äôs relevant to what‚Äòs unfolding now. https://t.co/VgFO8vQ9MY"
1266068140326256640,2020-05-28 18:05:41,"Democrats should not allow FISA to proceed.

Congress should be fighting for people‚Äôs rights, not the dangerous expansion of warrantless surveillance, nor exposing people‚Äôs private browser histories w/o a warrant.

We shouldn‚Äôt support it ever, and we *especially* shouldn‚Äôt now. https://t.co/JC1qB4cD2X"
1266064737349107713,2020-05-28 17:52:10,RT @brhodes: Remember it‚Äôs not just America - Zuckerberg and Facebook have ravaged countries around the world maximizing profit and serving‚Ä¶
1266062593229312002,2020-05-28 17:43:39,"RT @dellcam: Democratic leaders are doing anything and everything they can to prevent privacy protections from being added to FISA.

People‚Ä¶"
1266056410930053122,2020-05-28 17:19:05,"Zuckerberg is not worried about being bullied by Trump.

He is worried that Facebook‚Äôs PR operation is falling apart as it‚Äôs exposed that their platform relies on white supremacists &amp; disinformation peddlers to be successful.

They aren‚Äôt ignoring them. They‚Äôre protecting them. https://t.co/DA4Fz6pc5q"
1266042603805519873,2020-05-28 16:24:13,"Yep. When people are aghast and say we can‚Äôt close prisons, I just tell them affluent suburbs already have. It look like this:

- good schools
- full employment
- default emphasis on alternatives to incarceration (ex. community service)
- healthcare, incl mental &amp;rehab
-  housing https://t.co/DbZBVurqF9"
1265811862836346882,2020-05-28 01:07:20,"RT @JamilSmith: I wrote about why Puerto Rico‚Äôs hurricane catastrophe was a precursor for the coronavirus pandemic, particularly with regar‚Ä¶"
1265767674375811075,2020-05-27 22:11:45,RT @IlhanMN: The police officer who killed George Floyd should be charged with murder.
1265714227840458752,2020-05-27 18:39:22,"RT @taraghuveer: If tenants paid rent in April/May, it came at a cost. Some used savings, others paid on cards. Tenants hustled for work, f‚Ä¶"
1265694811014811654,2020-05-27 17:22:13,"I‚Äôll just say it: a lot of politicians are scared of the political power of the police,and that‚Äôs why changes to hold them accountable for flagrant killings don‚Äôt happen. That in itself is a scary problem.

We shouldn‚Äôt be intimidated out of holding people accountable for murder."
1265687843881603072,2020-05-27 16:54:31,History of**
1265687668890927105,2020-05-27 16:53:50,RT @AOC: Gotta wonder how many of these US economic ‚Äúexperts‚Äù have been able to go their whole careers without ever having to take a course‚Ä¶
1265687452305457152,2020-05-27 16:52:58,Gotta wonder how many of these US economic ‚Äúexperts‚Äù have been able to go their whole careers without ever having to take a course or study the history US racial wealth inequality. It‚Äôs no wonder so many act as though poverty is either deserved or a policy accident. It‚Äôs neither.
1265684236645945344,2020-05-27 16:40:11,"What‚Äôs also wild is the arrogance of some of these folks saying it‚Äôs ‚Äúwrong‚Äù or ‚Äúignorant‚Äù for me to question the term ‚ÄòHuman Stock‚Äô bc it‚Äôs used in academia.

Plenty of awful terms have widely used without reflection. Over time language evolves to reflect evolved understanding. https://t.co/fXpkCypIRJ"
1265446673150619648,2020-05-27 00:56:12,"RT @tiffany_caban: Tomorrow night I‚Äôll be guest hosting @AOC‚Äôs weekly ‚ÄúCoffee &amp; Conversation.‚Äù 

‚òéÔ∏è COME THROUGH ‚òéÔ∏è 
Call in details below‚Ä¶"
1265430615341572096,2020-05-26 23:52:23,"RT @YalitzaAparicio: ""Hola a todos, estoy aqu√≠ trabajando para ayudar a mi pa√≠s a ser menos racista mientras soy tendencia a causa de ello.‚Ä¶"
1265424788832616450,2020-05-26 23:29:14,RT @samswey: Three of those four Minneapolis police officers who got fired today were fired because organizers successfully pressured the c‚Ä¶
1265419197749907457,2020-05-26 23:07:01,"Police shootings are now a leading cause of death for young men *across the board* in the US. For Black men and boys, the risk of being killed by police is *1 in 1,000.*

1 in 1,000. Terrifying and indefensible.

https://t.co/HLGXZAVOTp"
1265416004483629061,2020-05-26 22:54:20,"#GeorgeFloyd should be alive. Instead, he was killed as he begged police for his life.

The impunity of police violence is a systemic problem we must face to save lives.

Police brutality is now a leading cause of death for young Black men in the US. The status quo is killing us."
1265399490065903616,2020-05-26 21:48:43,"RT @AyannaPressley: No more brutality. No more murder. No more hashtags. 

Just justice. 

May it rain down like a mighty river."
1265385695339859971,2020-05-26 20:53:54,RT @JoaquinCastrotx: I also hope the #GeorgeFloyd murder will be a wake up call to local officials to challenge police unions during collec‚Ä¶
1265310434216808448,2020-05-26 15:54:50,"Let‚Äôs also not ignore the racial history of this terminology, which has roots in slavery. &amp;It‚Äôs not just the terminology that‚Äôs racialized.

Even today, the folks deemed as ‚Äúhuman capital stock‚Äù(aka essential workers) are disproportionately Black, Brown, &amp; low income White folks. https://t.co/VO0lpCN1nP"
1265308665080426497,2020-05-26 15:47:48,"Human Capital Stock.

An ugly term w ugly history, but for many powerful ppl it‚Äòs their most honest view of workers: human stock.

By their logic, the moment a person stops being useful to profit motive (retirement, health, etc) they are a liability. That‚Äôs the system we live in. https://t.co/ZihhtaI00W"
1264306484483166211,2020-05-23 21:25:30,Learn more about tests and locations here via @Gothamist: https://t.co/9jC0lW3xKV
1264306299350724608,2020-05-23 21:24:46,"Did you know?

There are 2 types of COVID tests!

The nasal swabüëÉtests if you have COVID now.

Antibody blood testsü©∏check if you already had COVID, even w/ few or no symptoms.

I got my antibody test today at First Baptist in Queens w/ our amazing nurses. You can get one too! https://t.co/2XRyV1vbCU"
1264006366244593666,2020-05-23 01:32:56,@hgsigala @rioixm ¬°Felicidades!
1263564975085367296,2020-05-21 20:19:00,@theYariBlanco https://t.co/GbKnqpYzB0
1263534215402065920,2020-05-21 18:16:46,"Really great system we got here.

Can‚Äôt imagine why anyone would question how beneficial or sustainable it is for the working class https://t.co/SiIX55NRX9"
1263281592195309568,2020-05-21 01:32:56,"RT @Public_Citizen: .@AOC: The great irony of essential workers is that they have typically been underpaid, under-recognized and under-valu‚Ä¶"
1263274683945844736,2020-05-21 01:05:29,RT @JujuChangABC: .@aoc tells me @nightline toinght that  essential workers 'keep the lights on in our society'  but historically have been‚Ä¶
1263209006954397697,2020-05-20 20:44:31,RT @Nightline: Rep. Alexandria Ocasio-Cortez on whether or not enough has been done to help protect essential workers - those most vulnerab‚Ä¶
1263202189541064706,2020-05-20 20:17:25,RT @Nightline: An exclusive interview with Rep. Alexandria Ocasio-Cortez @AOC. Her take on the pandemic‚Äôs impact on African-American and La‚Ä¶
1262818371768406017,2020-05-19 18:52:16,"RT @NaureenAkhter: ‚ÄúI was paying $200/month for a $8,000 deductible plan while I was waitressing. What does that mean? That means not going‚Ä¶"
1262803968087912448,2020-05-19 17:55:02,"Wow: Norma McCorvey (aka ‚ÄúRoe‚Äù of Roe v Wade) revealed on her deathbed that she was paid by right-wing operatives to flip her stance on reproductive rights.

So, like many right-wing operations, it turns out a huge part of the anti-choice movement was a scam the entire time. https://t.co/XBwvPKmSqU"
1262801730389016577,2020-05-19 17:46:08,"Great news!

You can now get a COVID test for FREE at any CityMD in NYC.

Uninsured? No problem.
No appointment? Walk in!

This is how it should be.

If you believe you have COVID symptoms or exposure, get tested.

Essential workers can get tested anytime:
https://t.co/1zurxxwl9y"
1262797969482448896,2020-05-19 17:31:12,"RT @NydiaVelazquez: BREAKING: The IRS has created a new hotline you can use if you are waiting on your economic impact payment. 

You can c‚Ä¶"
1262570979248746498,2020-05-19 02:29:13,@_pamcampos Thank you hermana üíûüí™üèΩ
1262473899398266880,2020-05-18 20:03:27,That part ‚¨áÔ∏è https://t.co/9eekbIv3nN
1262127310402093058,2020-05-17 21:06:14,"RT @mollycrabapple: Folks who live in or around nyc and have a car, @AOC is looking for volunteers who can transport food and supplies to f‚Ä¶"
1262109114584489986,2020-05-17 19:53:56,"RT @AlecMacGillis: Quite a graph here. In neighborhoods of the top 1 percent in income in NY, more than a third of residents left town. In‚Ä¶"
1262101357722509312,2020-05-17 19:23:07,"Totally agree, @markcuban.

It‚Äôs time for a Federal Jobs Guarantee. https://t.co/V8I9LLLUTC"
1262100594262769667,2020-05-17 19:20:05,@MaxRose4NY üêªüêª
1262056984486043649,2020-05-17 16:26:47,RT @caityweaver: I went to a struggling high school and often sense I‚Äôm missing a lot of foundational knowledge other people seem to have a‚Ä¶
1262056872783331334,2020-05-17 16:26:21,"@caityweaver No worries -  none of this is foundational, and much of it is passed through word of mouth within privileged classes. I‚Äôm learning along w you!

It‚Äôs one way the preservation of power works: by keeping certain knowledge behind closed doors. Sharing it helps democratize power. üí™üèΩ"
1261503979789443072,2020-05-16 03:49:21,@RepAdams Done and done ‚úÖ
1261478485148733441,2020-05-16 02:08:02,@LightsCameraPod The Voyage of the Mimi
1261463441757405188,2020-05-16 01:08:16,RT @AlexSJacquez: the radical left financial times says do a green new deal https://t.co/4zw7qZyT6B
1261359024215293953,2020-05-15 18:13:20,@Public_Citizen Grassroots supporter @lexibenavides made it
1261357928017039360,2020-05-15 18:08:59,RT @Public_Citizen: Here for @AOC‚Äôs Medicare for All mask. https://t.co/isN8UUwYCv
1261122393289957377,2020-05-15 02:33:03,"@Grace4NY Thanks, Grace - always a honor working with you in the fight for our Queens families üí™üèΩüí™üèΩ"
1261121943807373317,2020-05-15 02:31:16,"RT @EdMarkey: When @AOC first entered Congress, she joined with @sunrisemvmt activists protesting in the Capitol. She was willing to stand‚Ä¶"
1261038473957519360,2020-05-14 20:59:35,"RT @MaraGay: Young, healthy Americans like me are getting very, very sick from the coronavirus. https://t.co/GvFUIpV2VF"
1261025829657722882,2020-05-14 20:09:21,RT @ewarren: We can‚Äôt allow companies to use this crisis to boost their profits and consolidate their power while crushing workers who are‚Ä¶
1261025403071803393,2020-05-14 20:07:39,"@JonahDispatch Hey there! Totally get it if you‚Äôve never bothered to read the legislation you‚Äôre commenting so authoritatively on.

The Green New Deal is a non-binding resolution of values. It does not have a price tag or CBO score and costs us $0 if passed.

Read:
https://t.co/6qsvSW0Ilb"
1260932210472845321,2020-05-14 13:57:20,"RT @PreetBharara: This is a very, very big deal. This is not something the FBI or DOJ does lightly. It requires layers of review, the bless‚Ä¶"
1260763700815892482,2020-05-14 02:47:44,RT @courosa: Your browsing history is no longer private.  https://t.co/1SjjJWPYJ5
1260761846170234882,2020-05-14 02:40:22,(Editor of the National Review) üòÇ https://t.co/FB5vJCaQO2
1260747838310490112,2020-05-14 01:44:42,"If you‚Äôd like to learn more about how this austerity class of mostly dudes at vague, esteemed-seeming DC think tanks launder harmful policies to influence lawmakers of both parties, you can read about it here via @thenation: https://t.co/gdO8d0F3UF"
1260746174849564673,2020-05-14 01:38:06,"This is policy head for @BudgetHawks, btw. They lobby both parties for austerity policies in DC (aka cutting public safety nets when ppl need it most).

I call it out bc it matters when people who seek to influence policy are flippant + misogynistic towards members of Congress. https://t.co/ynyh94ZreT"
1260734263852400641,2020-05-14 00:50:46,"@anylaurie16 Here is a game I play. Ask the guy ‚Äúreally?‚Äù &amp; for more info on w/e they assume you don‚Äôt know. Act very interested.

Then keep asking them to explain more &amp; more basic things.See how far they‚Äôll go. The game is to find the most absurd basic thing they‚Äòll explain before stopping."
1260729711061237760,2020-05-14 00:32:40,*DJ Khaled voice*: Another one https://t.co/QAIYeHRjsm
1260724300270706689,2020-05-14 00:11:10,Quite amused by the men in my mentions volunteering to explain my own joke to me https://t.co/KinoKIj4cY
1260685189946265600,2020-05-13 21:35:46,"If it helps, they could think of it as a subscription service to living in an advanced society.

Just imagine billionaires paying enough so teachers in the US don‚Äôt have to work multiple jobs and sell their own blood plasma to survive. Call me radical, but it might be worth it"
1260678597666275328,2020-05-13 21:09:34,"If only there were some public fund billionaires could pay into along with everyone else that helps fund our infrastructure, hospitals, and public systems all at once.

It could even be a modest % of what they earn every year. We could have an agency collect it and everything https://t.co/g0vI45xnYG"
1260639220353335301,2020-05-13 18:33:06,RT @BarbaraRansby: This is the 35th anniversary of the horrific and racist bombing of the Black liberation organization MOVE in Philly in 1‚Ä¶
1260585922552377348,2020-05-13 15:01:19,"I am also encouraged that we‚Äòre not in this fight alone.

To be on a team w/@CathFlowers, @PramilaJayapal, @FlyingWithSara, @AbdulElSayed, @StephanieKelton, @VarshPrakash &amp; others pushing for 21stc public policy means we are in this together.

Inside pressure. Outside organizing."
1260582704170532870,2020-05-13 14:48:31,"I have always believed that real change happens not with a panel or task force, but in everyday people organizing mass movements to demand change.

Yet we should also commit to showing up everywhere- every space where there are decisions &amp;formative conversations - w/ mvmt voices."
1260580420489445378,2020-05-13 14:39:27,"After conferring w/ grassroots activists and climate allies, I am accepting @BernieSanders‚Äô nomination to co-chair the Climate Change Unity Task Force with Sec. @JohnKerry.

Our planet is dangerously imperiled, and wherever there are decisions made, the people must have a voice. https://t.co/xCzEruOwM1"
1260573099860340737,2020-05-13 14:10:21,RT @VarshPrakash: I am proud to share that @BernieSanders has nominated me to join the Sanders-Biden Task Force on Climate alongside @AOC a‚Ä¶
1260382414335021061,2020-05-13 01:32:39,"RT @DrDGrossman: Today marks 60 years since the FDA approved the birth control pill. As we celebrate that anniversary, we must honor the Pu‚Ä¶"
1260370826504941570,2020-05-13 00:46:36,@skullface I‚Äôm in
1260370744116219904,2020-05-13 00:46:16,"RT @hgsigala: AOC's been saying this for months and we can't let it be forgotten: the White House, McConnell, and Congress¬†KNOW there is a‚Ä¶"
1260312700376268802,2020-05-12 20:55:37,Thank you @MsPackyetti for elevating this story and speaking to it so powerfully.
1260312584651227139,2020-05-12 20:55:10,"#BreonnaTaylor‚Äôs family deserves justice.

It is so dehumanizing that Breonna‚Äôs family &amp; many others must launch public campaigns just to have victim‚Äôs lives recognized &amp; given the dignity of due process.

She was killed two months ago,&amp; nothing has happened since. #SayHerName ‚¨áÔ∏è https://t.co/wS9NJR8lEC"
1260309093048254469,2020-05-12 20:41:17,"RT @ZephyrTeachout: We need a merger moratorium. Also, devastated restaurants lose even more power if this goes through. Uber sets terms, e‚Ä¶"
1260298788289290241,2020-05-12 20:00:21,"We are on the brink of an enormous housing crisis, one where renters and small landlords alike are on the brink of getting wiped out.

Who wins? Major corporations willing to gobble them up.

So far, Congress is letting it happen. We *must* protect people before the worst hits. https://t.co/e1vz0mn1gw"
1260037377554296834,2020-05-12 02:41:35,"Shout out to everyone who just joined us for an impromptu IG Live!

In less than an hour, we raised $12k for @domesticworkers to help support house cleaners, nannies, and care workers across the country during COVID üí™üèΩüíï https://t.co/B57OQa4Y0r"
1259270470974746624,2020-05-09 23:54:11,"RT @CharlesMBlow: Also, let‚Äôs no forget to exalt Little Richard as a queer icon who showed generations of young people m, particularly blac‚Ä¶"
1258969737993879553,2020-05-09 03:59:10,@lexibenavides Amazing
1258948184182833159,2020-05-09 02:33:31,@emmalizrizz @KevinDPopham It was an honor - my very first commencement address! Thank you for the invitation üéì‚ò∫Ô∏è
1258911204719894532,2020-05-09 00:06:35,"Even more appalled to see that virtually every signatory of this letter sits on the Financial Services Committee.

Democrat AND Republican members are engaged in this horrendous behavior. It is wrong and erodes the public trust. They should return the cash or rescind the letter."
1258901438551523328,2020-05-08 23:27:46,I don‚Äôt care what party you‚Äôre in. This is unacceptable. https://t.co/BSDN6NgDpP
1258883609789902848,2020-05-08 22:16:56,"RT @aidachavez: NEW: I interview @AOC about coronavirus legislation, the pandemic‚Äôs devastating impact on her district (which is home to mo‚Ä¶"
1258856820199825408,2020-05-08 20:30:29,RT @IlhanMN: Tucker gets paid $6 million a year to stare into a camera and incite his followers to threaten the life of a sitting Member of‚Ä¶
1258794518893248513,2020-05-08 16:22:55,@DeAnna4Congress Curious for your thoughts on Trump‚Äôs golf bills
1258790787657207809,2020-05-08 16:08:05,"Are you a constituent of NY-14? Please fill our survey below.

We‚Äôre organizing community efforts block-by-block for safety + relief during COVID-19.

Your answers will help us map out and organize volunteer efforts, resources, food delivery &amp; more ‚¨áÔ∏è
https://t.co/fJcKBN1SD1"
1258784912250896385,2020-05-08 15:44:44,RT @K_JeanPierre: #AhmaudAubrey https://t.co/ULiO9qq8dx
1258749466984820737,2020-05-08 13:23:54,@garywhitta My communications director will be reaching out
1258580430682501120,2020-05-08 02:12:12,"RT @GenePark: i interviewed the first family @aoc visited on Animal Crossing. they used to live in her district! 

https://t.co/qfjwpqF3KM"
1258577130293735425,2020-05-08 01:59:05,@GenePark Wow! Had no idea they were from NY14 - what a small world
1258576941852102662,2020-05-08 01:58:20,@aaronhuertas @GenePark I second this motion
1258556420343070725,2020-05-08 00:36:48,"UPDATE 3: Okay! After a few visits earlier I am reopening for a few more #AOCHouseCallsüè°. 

DMs are opening again for 4 minutes, drop me your Dodo code and a note and I may stop by!

(Yes that is a hand drawn campaign shirt &amp; no I haven‚Äôt sorted out exporting screenshots yet üò¨) https://t.co/K7Idxnj09W"
1258552068437979139,2020-05-08 00:19:30,@DrewSilverberg Anytime - your island is gorgeous! üå∏
1258541175775981568,2020-05-07 23:36:13,"Update 2: first ever House call (get it?üòâ) in the books! 

It was so sweet. Island belonged to a family of three. We exchanged fruit, took pictures, and I signed a bulletin note using my touch screen.

I was floored by how fast they typed and they taught me about the app. ü•∞ https://t.co/KJsI6Gjh9p"
1258534002446626818,2020-05-07 23:07:43,@garywhitta This is funny and bizarre enough to be very compelling to me
1258533321677475842,2020-05-07 23:05:00,Update: getting ready to make island visits. Never done this before! Is there etiquette to visiting? Do‚Äôs &amp; don‚Äôts?
1258521902412206080,2020-05-07 22:19:38,@dellcam I don‚Äôt know but my app fried and I had to force close it after 1 minute üòÇ
1258521649650913280,2020-05-07 22:18:38,"Honestly never in my life did I think opening my DMs would grant me faith in humanity but the brief window actually resulted in a lot of these messages being very wholesome üò≠

People are asking for surprise visits to their spouse‚Äôs islands!! This is the love everyone deserves üíï"
1258517774499889154,2020-05-07 22:03:14,Ok I am going to open my DMs for exactly 4 minutes for Dodo code submission. Why 4? Who knows. Here we go! https://t.co/ZWgivtpILS
1258516156408713216,2020-05-07 21:56:48,"Hi there! Very new to this.

I would like to visit random people‚Äôs islands and leave a doodle or note on their bulletin board.

Can I do that? If so, how?

Should I open my DMs for the first time since the Zuckerberg hearing for the Dodo codes?? https://t.co/pQlm0ES1cM"
1258515051004088320,2020-05-07 21:52:24,@JonIsAwesomest @aidachavez Wow. I am impressed with this one
1258513587183644673,2020-05-07 21:46:35,"Other best ways to thank our healthcare and frontline workers is to support PPE production, fully funding our healthcare system, produce mass testing and contact tracing, and forgive student loan debt which is especially crushing in medical fields"
1258512765422956545,2020-05-07 21:43:19,Nothing like a corporate PR campaign that burns jet fuel at low altitudes over vulnerable communities dying from a respiratory virus that compounds on our preexisting and disproportionate exposure to air pollution to show healthcare workers we care https://t.co/xyCr3tojgn
1258468930944974848,2020-05-07 18:49:09,@TreyTheMovieMan Nope
1258468069942480901,2020-05-07 18:45:43,@thahitun üíï
1258468069942480901,2020-05-07 18:45:43,@thahitun üíï
1258467323536707584,2020-05-07 18:42:45,@KOSDFF Nope
1258430583048474624,2020-05-07 16:16:46,"The Trump admin is now projecting 3,000 daily deaths by June, and they are STILL pushing to ‚Äúreopen.‚Äù

We are now careening towards one 9/11-scale death event *per day.* This was all preventable w/ tests, tracing,&amp; policy.

Instead the GOP showered their friends w/ bailout money."
1258382589674639360,2020-05-07 13:06:03,"GOP is naming a political operative with no USPS experience as the Postmaster General right before an election where millions of people will try to vote by mail to save their own lives.

They are eroding our democracy and crushing our public institutions before our very eyes. https://t.co/HBOCp1LKTU"
1258380251975110657,2020-05-07 12:56:46,"RT @ava: Amplifying this. If you are in Georgia and are comfortable going outside with social distancing protocols, please safely support t‚Ä¶"
1258354604980482057,2020-05-07 11:14:51,"@GovHowardDean Thank you, @GovHowardDean! Thankful I don‚Äôt need to be treated with kid gloves as many right wingers do üòâüß§"
1258353362870943746,2020-05-07 11:09:55,"At some point our country must meaningfully acknowledge that the killings of

Ahmaud Arbery,
Sean Reed,
Sandra Bland,
Tamir Rice,
Trayvon Martin,
Eric Garner,
Rekia Boyd,
Tanisha Anderson,

and countless others are not isolated incidents or ‚Äúbad apples.‚Äù

It is systemic violence."
1258350933777448960,2020-05-07 11:00:16,"Ahmaud Arbery was murdered for being Black.

His White assailants were allowed to roam free *for months* after lynching him. They faced no charges, no arrests. Police had video of Ahmaud‚Äôs murder the day it happened.

His family deserves justice. Our country deserves answers."
1258337572876681216,2020-05-07 10:07:10,"RT @rcbregman: Yesterday, results of the first nationwide basic income experiment ever came in:
- Greater wellbeing ‚úÖ
- Greater feelings of‚Ä¶"
1258332143018815490,2020-05-07 09:45:36,@TheDemocrats Here are some suggested edits for strength and consistency. Hope this helps! üôÇ https://t.co/BMHwOSThUX
1258216918114279424,2020-05-07 02:07:44,"RT @SamuelKRoberts: Folks, @Elmcor is a 50+ yr old service org started by Black Panthers &amp; other activists in Queens. Please donate! ""Line‚Ä¶"
1258190408535900163,2020-05-07 00:22:24,RT @brianschatz: Lotta tough talk about being a warrior for capitalism from people who don‚Äôt pack meat or stock shelves or clean things or‚Ä¶
1258187405791805443,2020-05-07 00:10:28,"RT @NPRinskeep: Just talked with @AOC for Thursday's @MorningEdition. She's advocating more relief for renters, home owners, and state gove‚Ä¶"
1258105483598221312,2020-05-06 18:44:56,"RT @KristenClarkeJD: What this headline doesn't state is that Georgia will not be convening grand juries until June 12.

So tattoo parlors,‚Ä¶"
1258099679549628417,2020-05-06 18:21:52,"RT @Public_Citizen: .@AOC: If big corporations don't pay taxes but they're getting bailed out by the federal government, why are we cutting‚Ä¶"
1258037997695635458,2020-05-06 14:16:46,"Hint: it starts with a C and ends with -apitalism

(aka this is what happens when Wall Street captures Congress and writes themselves bailout check after bailout check as working people die) https://t.co/S5o9yfD4zc"
1257847314749755395,2020-05-06 01:39:04,"RT @C_Sommerfeldt: BREAKING: A federal judge has reinstated New York's Democratic presidential primary, overturning the Board of Elections'‚Ä¶"
1257392584181395462,2020-05-04 19:32:07,"RT @JStein_WaPo: üö®üö®üö®üö®Tim Bray, vice president of Amazon, quits over company ""firing whistleblowers who were making noise about warehouse em‚Ä¶"
1256668563458478081,2020-05-02 19:35:07,RT @AyannaPressley: It‚Äôs absolutely time to #CancelRent https://t.co/A6NHQJ7DIV
1256393779520720901,2020-05-02 01:23:14,"And I hear @IlhanMN has a bill to do just that!

It‚Äôs an opportunity for Congress to help working people in an ambitious and meaningful way. Revelatory, I know:
https://t.co/8tiTY4lqzZ"
