id,created_at,text
1144281157837774848,2019-06-27 16:27:42,"Tying the president‚Äôs hands in the midst of a crisis is misguided and dangerous. My #NDAA amendment is not an authorization to use military force against Iran. It simply affirms the constitutional authority of the president to keep our military, our citizens, and our allies safe. https://t.co/zvS0fX3xeC"
1144266588822130688,2019-06-27 15:29:48,Live soon‚Üí I‚Äôll be speaking on the @SenateFloor about my #NDAA amendment to reaffirm the constitutional authorities that any president must have to properly protect and defend our country. Watch: https://t.co/mlS6RtPeXb
1144228051389169664,2019-06-27 12:56:40,There are many aspects of our healthcare system that could use a dose of transparency. Finding ways to reform surprise billing so patients are never in a situation where they receive an outsized bill for emergency services is a top priority of our work in @GOPhelp. https://t.co/mkmWWRcvvl
1144007089636937728,2019-06-26 22:18:39,"Fostering sustainable forest and land management policies, the impact of wildfires, and finding ways to reduce fuel load are all issues of critical importance to Utah. Discussed these items and more today with my friend @SecretarySonny. https://t.co/hkzG9j8uhP"
1143998358341791745,2019-06-26 21:43:57,"Raising the smoking age to 21 will help keep harmful tobacco products out of our children‚Äôs hands. Pleased to see bipartisan #Tobacco21 legislation pass out of @GOPhelp today, and I look forward to continuing work with my colleagues on ways to protect our kids from addiction."
1143989403506921473,2019-06-26 21:08:22,"The Senate border supplemental bill provides much-needed resources for @DHSgov and @HHSgov. But we urgently need a long-term fix that discourages illegal immigration by securing the border, closing legal loopholes, and instituting mandatory &amp; permanent E-Verify. https://t.co/k6fezHwHKT"
1143886403509608448,2019-06-26 14:19:05,"Each year, the Dept. of Education selects a class of Presidential Scholars‚Äî graduating seniors recognized for their success in academics, the arts, and career &amp; technical education. Congratulations to Kalii, Alex, and Scott on being selected as Utah‚Äôs 2019 Presidential Scholars! https://t.co/5mAplKTmSE"
1143575666811645953,2019-06-25 17:44:20,I encourage anyone with information about MacKenzie's disappearance to call @slcpd at 801-799-4220. https://t.co/kqYSMjkKRZ
1143277248897855489,2019-06-24 21:58:31,"Enjoyed spending time at the Strawberry Days Rodeo in Pleasant Grove over the weekend, raising awareness for breast cancer research with Mayor Guy Fugal by being ‚ÄúTough Enough to Wear Pink.‚Äù https://t.co/c3AWECmKnU"
1143263502192336897,2019-06-24 21:03:54,Thanks to all of the Utahns who came out to my town hall in Provo at the @ProvoCouncil. Appreciated your questions and learning how I can best serve you in the Senate. https://t.co/odOUPKuHLR
1142495991075131399,2019-06-22 18:14:05,My statement regarding Iran‚Äôs attack against a U.S. drone ‚Äî&gt; https://t.co/2aM332w4zm
1142156643687383041,2019-06-21 19:45:38,The cost of prescription drugs is an area where @GOPhelp has an opportunity to help American consumers. I urge my colleagues to support the Prescription Drug Rebate Reform Act of 2019‚Äîmy bill with @SenatorBraun to bring transparency to drug pricing &amp; reduce out-of-pocket costs. https://t.co/8E97DAeoOC
1142133177487646721,2019-06-21 18:12:23,"Gail Miller is a pillar of our community‚Äîan example to others of how to serve with grace, commitment, and personal strength. Proud to present her with the Congressional Award Foundation‚Äôs Horizon Award in recognition of her work toward improving the lives of Utahns. https://t.co/66WdWb4Agg"
1142086672638783490,2019-06-21 15:07:36,RT @abc4utah: .@SenatorRomney  is making a move to attach his E-Verify bill to defense bill https://t.co/5QC7mQQTCu https://t.co/183xOuWgE0
1141841634117767173,2019-06-20 22:53:54,Looking forward to hearing from Utahns at my town hall in Provo tomorrow night. Join me at the Provo City Hall Chambers (351 West Center Street) at 6:00 p.m. The doors will open at 5:30 p.m. #utpol
1141770298850709506,2019-06-20 18:10:26,Strong leadership is needed from the U.S. Ambassador at the United Nations in helping confront global challenges. I‚Äôve known @USAmbCanada Kelly Craft for many years and look forward to supporting her confirmation as U.S. Ambassador to the @UN. https://t.co/1cTMVgf0xl
1141755150450737153,2019-06-20 17:10:15,"@IndianCommittee I‚Äôve also teamed up with @SenMikeLee to address Utah priorities with #NDAA amendments that improve access to Utah‚Äôs @HAFB, which plays a critical role in our national security, and returns the decision-making and management power of our public lands back to Utahns."
1141754229545144321,2019-06-20 17:06:35,"The Navajo Utah Water Rights Settlement Act of 2019 is bipartisan legislation that would bring much-needed water infrastructure to Utah's Navajo Nation. Already passed unanimously out of @IndianCommittee, I‚Äôve included it as a #NDAA amendment to help secure final passage."
1141753618812547072,2019-06-20 17:04:10,"Last month, a record number of 144,000 illegal immigrants were apprehended at our southern border. Congress needs to act now to address this crisis. That‚Äôs why I‚Äôve introduced a #NDAA amendment to make the E-Verify program permanent."
1141752764697067525,2019-06-20 17:00:46,One of the most critical threats our nation faces is from China. My #NDAA amendments aim to address cybersecurity threats to U.S. weapons systems and intellectual property theft by Chinese companies &amp; require partnerships with our allies to confront growing Chinese aggression.
1141752126080790528,2019-06-20 16:58:14,"The 2020 #NDAA provides for our national defense &amp; gives critical policy guidance to the Pentagon. I have introduced amendments to this year‚Äôs defense bill to require the U.S. to develop a strategy to address the rise of China, and ones that will benefit my home state of Utah. https://t.co/DOAg7A17l5"
1141440657644539906,2019-06-19 20:20:34,Looking forward to what's sure to be a great season for @utahjazz. https://t.co/PmJEUxWAYU
1141055056395034624,2019-06-18 18:48:19,"Congratulations, @SenatorCollins, on this great milestone! https://t.co/PH7Pyrx2hD"
1139638479032336386,2019-06-14 20:59:21,I applaud the Administration‚Äôs action. This will provide American workers more choice when it comes to their health care coverage and help lower costs. https://t.co/D3qJojOI6D
1139630709235208193,2019-06-14 20:28:29,"RT @KSLcom: ""By banning the use of electronic cigarettes in schools, we are taking an important step to protect the health of young people‚Ä¶"
1139611920217063426,2019-06-14 19:13:49,My thoughts on climate change and the need to encourage investment in breakthrough technology to help tackle this global problem. https://t.co/nXUYj0vQDQ
1139543811150024705,2019-06-14 14:43:10,"Happy Birthday, @USArmy! Eternally grateful for the brave men and women who serve, defending our country and upholding our freedoms. https://t.co/BOf1AgxrIM"
1139291094792003586,2019-06-13 21:58:58,"Today‚Äôs attacks by Iran on oil tankers in the Gulf of Oman are a threat to global peace and security, and are further evidence that Iran refuses to act as a normal nation. The Administration should continue to stand with our partners &amp; allies to safeguard stability in the region."
1139177880448131079,2019-06-13 14:29:06,"RT @SenatorTomUdall: Across the US, high schoolers are getting their diplomas‚Äî but millions are also graduating into a life of nicotine add‚Ä¶"
1138931011608293376,2019-06-12 22:08:08,The extradition law proposed by Beijing loyalists in Hong Kong would allow political dissidents and minorities to be spirited away to China‚Äôs secret police. I join my colleagues in calling on Hong Kong and Chinese authorities to respect demonstrators' right to peacefully protest. https://t.co/xiwiqhTG0T
1138895443260313600,2019-06-12 19:46:47,Got to meet a great group of Utah students who are in Washington to talk about National History Day. Thanks for stopping by and letting me share stories of one of the lesser known U.S. Presidents‚ÄîJames Garfield! #NHD2019. https://t.co/CZbWzSIIBE
1138865483963412480,2019-06-12 17:47:45,"Today, I introduced legislation to make the E-Verify program permanent. Congress should also continue work to find long term fixes to secure our border, update our asylum and trafficking laws, and institute mandatory E-Verify nationwide. https://t.co/P4UPb3BotK"
1138865377331617792,2019-06-12 17:47:19,"Last month, a 13-year record of 144,000 illegal immigrants were apprehended at the southern borders. Congress needs to act now to address our illegal immigration crisis by closing legal loopholes and removing the magnets‚Äîlike illegal employment‚Äîthat drive illegal immigration."
1138826465854853120,2019-06-12 15:12:42,RT @afsputah: Thank you @SenatorRomney for taking time to meet with our Utah Advocates to discuss how we can work together to save Lives ht‚Ä¶
1138554753426821128,2019-06-11 21:13:01,"The loss of even one life from suicide is too many. In our state, we lose on average one Utahn from suicide every 13 hours. Appreciated @AFSPutah sharing with me their work to reduce these statistics. If you need help or someone you know is struggling, please call 1-800-273-8255 https://t.co/zhC4XDpsX3"
1138518607929982978,2019-06-11 18:49:23,Finding treatments and cures for neurologic diseases such as MS and ALS is a passion of mine and @AnnRomney. Honored to hear the stories of Utah @ALSassociation representatives and learn about how Congress can support #ourALScommunity. https://t.co/jDLg3RJESi
1138126309102620672,2019-06-10 16:50:32,A well-deserved honor. https://t.co/rQA7M6kOdc
1136726200867598341,2019-06-06 20:07:00,It‚Äôs said time and time again that no man has greater love for his neighbor than to lay down his life for them. And that‚Äôs exactly what the Allied Forces did on the beaches of Normandy 75 years ago today. #DDay75 https://t.co/al99Bv2dkr
1136669000656728065,2019-06-06 16:19:42,"RT @UTNationalGuard: D-Day message from Maj. Gen. Jeff Burton:

""Today we celebrate the 75th anniversary of #DDay, arguably the most
import‚Ä¶"
1136643801311797248,2019-06-06 14:39:34,"Today, on the 75th Anniversary of D-Day, we honor the Greatest Generation, who gave it all up on the beaches of Normandy so they could liberate an entire continent. We will never forget the sacrifices made by the Allied Forces on that day. #DDay75 https://t.co/Pe7WzL36SE"
1136374418844901378,2019-06-05 20:49:08,"This week marks the 100th anniversary of the proposed 19th Amendment passing the Senate. But did you know that Utah led this charge, granting women the right to vote nearly 50 years earlier? Let us always remember the leaders of the women‚Äôs suffrage movement and their efforts. https://t.co/FrL5V9jfMt"
1135997827291762689,2019-06-04 19:52:42,"Today marks the anniversary of the Tiananmen Square Massacre. Since then, China has pursued a relentless course‚Äîimprisoning millions, brutally repressing dissent, censoring the media and internet. We must act now to strengthen ourselves, and to stop China's predation. https://t.co/EOzzMdHpfw"
1135923929409884161,2019-06-04 14:59:03,"It is a great privilege to represent the people of Utah in the United States Senate. Today, after serving for six months, I am delivering my maiden speech on the Senate Floor: https://t.co/5gmXcgwmKn"
1135919451788926977,2019-06-04 14:41:16,Live at 11 a.m.‚Üí I‚Äôll be on the Senate Floor delivering my first speech as a U.S. Senator. It will be livestreamed here and can be viewed @CSPAN 2. Hope you‚Äôll tune in!
1134574827614982144,2019-05-31 21:38:12,RT @SLTribPolitics: Sen. Mitt Romney warns of ‚Äôincreasingly harmful consequence‚Äô for American consumers if Trump imposes tariffs on imports‚Ä¶
1133427365860843522,2019-05-28 17:38:36,Looking forward to hearing from Utahns at my town hall tomorrow night in Heber City. Join me at 6:00 p.m. at the Heber City Police Department (301 South Main Street). Doors will open at 5:30 p.m.
1133390710026248199,2019-05-28 15:12:57,Utahns‚Äîplease be on the lookout for Elizabeth and notify authorities if you come across any information. Praying for Elizabeth‚Äôs safe return to her family. https://t.co/JJCsLpPJn4
1132993524868222976,2019-05-27 12:54:40,"We must not forget that freedom comes at a dear cost. Today, we honor the men and women we've lost in service to our country, and vow to never forget their sacrifice. https://t.co/wFoye1JXVD"
1131979308631810049,2019-05-24 17:44:32,"During #MilitaryAppreciationMonth, we honor those who have fought and are currently fighting to keep America safe and free. We are forever indebted to those in our armed forces üá∫üá∏ https://t.co/9lUiQSmI4P"
1131949742794170368,2019-05-24 15:47:03,Welcomed this group of Utahns to Washington to discuss issues that are impacting rural Utah. Especially enjoyed seeing my friends Rep. Logan Wilde and Sen. Ron Winterton. https://t.co/bx7IL5Mgoh
1131939157679460353,2019-05-24 15:05:00,"RT @SenateGOP: ‚ÄúWe in America owe a great deal of gratitude to those who are in our fighting forces, to keep America safe and free. We appr‚Ä¶"
1131658738400681984,2019-05-23 20:30:43,Utahns and the American people deserve a Congress that plans ahead and spends their taxpayer dollars responsibly.
1131658736869806080,2019-05-23 20:30:42,"Instead of rushing through billion-dollar spending bills at the eleventh hour without sufficient debate, Congress must start budgeting for natural disasters. That‚Äôs why I introduced a bill this week that would require disaster spending to be built into the annual budget process."
1131658735502405648,2019-05-23 20:30:42,"I promised the people of Utah that I would not be a rubber stamp for wasteful spending bills that drive up our already sky-rocketing national debt, and I cannot in good conscience support it."
1131658734168526848,2019-05-23 20:30:42,"It‚Äôs unfortunate that today‚Äôs spending bill, which was initially aimed at aiding Americans affected by natural disasters, has been loaded up with billions of dollars in unrelated pet projects‚Äîgrowing to over $19 billion in just the past few weeks."
1131333436373970947,2019-05-22 22:58:05,Congratulations to my friend Barbara Barrett on being nominated by @POTUS to serve as the next Secretary of the @USAirForce. Utah‚Äôs @HAFB plays a critical role in our national security and I look forward to meeting with Ambassador Barrett to discuss her vision for the Air Force.
1131305696807608320,2019-05-22 21:07:51,".@SenMikeLee and I were honored to help confirm Judge Howard Nielson, a Provo native, to the United States Court for the District of Utah. We believe he is an extremely qualified nominee and will serve the court with honor and integrity. https://t.co/hDfGBJg0de"
1131284014831161344,2019-05-22 19:41:42,"Tourism is such a large part of Utah‚Äôs economy‚Äîespecially during ski season. In fact, @VisitUtah estimates that every Utah household saves $1,375 in tax dollars because of tourism spending. That‚Äôs why I‚Äôm joining the effort to renew funding for @BrandUSA.
https://t.co/HUQ7tvOhOK"
1130946330011033600,2019-05-21 21:19:51,Opioid addiction is a real problem in Utah and across the country. Appreciate @Court_McGee stopping by the office to discuss ways we can destigmatize addiction and to share his story. He‚Äôs doing great work to educate the youth across our state about the dangers of addiction. https://t.co/7iPU0du8jX
1130935578416037888,2019-05-21 20:37:08,"It‚Äôs long overdue for Congress to start planning ahead for natural disasters. That's why I'm introducing a bill with @SenMikeLee, @SenatorBraun, and @SenToomey that would require future disaster funding to fall within statutory budget limits‚Üí https://t.co/BiQfGJDgeS"
1130617309763125248,2019-05-20 23:32:27,RT @SenToddYoung: Read my joint statement with @SenatorRomney on new #Tobacco21 legislation from @senatemajldr and Senator Tim Kaine: https‚Ä¶
1130527474297630720,2019-05-20 17:35:28,"With the hiring of @madsen_mark as the head coach of @UVUmbb last month and now @dan_nielson for @UVUwbb, the Wolverines are going to be pretty tough to beat. Looking forward to basketball season! #GoUVU
https://t.co/gaIk2yUPkq"
1130514507384741889,2019-05-20 16:43:57,"Sarcos is a Utah-based robotics company which, among other things, is working to develop robots that could assist soldiers on the battlefield. Enjoyed visiting their office to discuss their work on finding innovative solutions to future challenges our country may face. https://t.co/DpqlYMxeRN"
1130494174124498945,2019-05-20 15:23:09,RT @UTNationalGuard: Welcome home 109th Air Control Squadron! üá∫üá∏ #AimHigh #AlwaysReady https://t.co/MGtC7SKhWP
1130466269617119233,2019-05-20 13:32:16,"RT @DeseretNews: ""Our country and our children deserve better. Washington can learn from Utah‚Äôs example by passing the Tobacco to 21 Act an‚Ä¶"
1130136781523959808,2019-05-19 15:43:00,The only place I want to see tariffs is on China. China needs to stop cheating on their agreements and the international rules of commerce before we trade with them on an open and fair basis. https://t.co/JoguEbXz0N
1130127726986354688,2019-05-19 15:07:01,"For years, China has been cheating on the international rules of commerce‚Äîthey‚Äôre stealing technology and intellectual property. Placing tariffs on Chinese goods is a necessary step to prevent China from continuing to kill our jobs and kill our businesses. https://t.co/YkiIEHb18s"
1130114818588008449,2019-05-19 14:15:43,"I don‚Äôt believe the Administration has an interest in going to war in the Middle East. However, with Iran, we can‚Äôt just sit back and watch things unfold. We must make them understand that if they take action against our people and our allies, there will be consequences. https://t.co/sGrO6Du3Zo"
1130111324908916739,2019-05-19 14:01:50,"RT @CNNSotu: Sen. @MittRomney supports President Trump's tariffs on China. He acknowledges Americans pay the cost but says  ""it's a sacrifi‚Ä¶"
1130095733607161863,2019-05-19 12:59:53,"RT @CNNSotu: Good Morning! Today on #CNNSOTU w/ @JakeTapper: @SenatorRomney, @GovernorBullock, @RepJayapal, @Bakari_Sellers, @MiaBLove, @Ri‚Ä¶"
1129901021797474306,2019-05-19 00:06:10,RT @CNNSotu: Tomorrow on #CNNSOTU w/ @jaketapper: @SenatorRomney and @GovernorBullock! https://t.co/WdNZUxqelZ
1129833631734796289,2019-05-18 19:38:23,"As a proud alum, I‚Äôve always said @BYU is the best school in the country. But now you don‚Äôt have to take my word for it. @Forbes has ranked Brigham Young University #1 as America‚Äôs best value college for 2019!
https://t.co/Oe9HOFv79X"
1129461766268887040,2019-05-17 19:00:44,Met with this large group of Utah Association of Realtors members while they were in Washington this week. Had a good discussion about affordable housing and other challenges facing the industry. https://t.co/JKZsMOWy81
1129445879809757191,2019-05-17 17:57:36,Welcomed representatives from local chambers of commerce throughout Utah to the Capitol this week. The Beehive State is a great place to do business and we had a good discussion about economic growth in their communities. https://t.co/8ZX4lylo8T
1129422746780409856,2019-05-17 16:25:41,RT @CNNSotu: EXCLUSIVE: This Sunday @SenatorRomney joins @jaketapper LIVE on #CNNSOTU. Hope you join us! https://t.co/axEVzRTQP8
1129410540487487488,2019-05-17 15:37:10,"There's no doubt our legal immigration system needs reform, and I've long-supported a merit-based system. This is a positive step forward in the discussion. Both parties need to work toward a solution to address legal and illegal immigration, and strengthen our border security. https://t.co/fkirrNm6e7"
1129162256749670400,2019-05-16 23:10:35,"While in Iraq, I was impressed with the U.S. leadership on the ground. I shared my optimism for the additional leadership that would come upon the confirmation of Utah‚Äôs own Matthew Tueller as the U.S. Ambassador to Iraq.¬†Congratulations on your confirmation tonight, Ambassador. https://t.co/GuX0nwwBFd"
1129129230837669888,2019-05-16 20:59:21,"Honored to have met the families of Assistant Police Chief Vincent and Officer Romrell, whose names are being added to the National Law Enforcement Officers Memorial in Washington this week. Next year, we will recognize Officer Joseph Shinners, who we tragically lost in January. https://t.co/9tH1JOP35K"
1129118007857434631,2019-05-16 20:14:45,"During #NationalPoliceWeek, we honor our law enforcement officers‚Äîand their families‚Äîwho make enormous sacrifices for our country. This week, we honor the lives of the two Utahns we lost in 2018: Assistant Police Chief Dennis Vincent and Officer David Romrell. https://t.co/oGuI5DwK9M"
1128787917009301505,2019-05-15 22:23:05,"By 2021, 90% of Russia‚Äôs nuclear fleet will be modernized. Our triad hasn't been modernized since the 1980s. Congress must make the modernization of our nuclear deterrent a high priority‚Äîwhich includes standing up the Ground Based Strategic Defense Program at Utah's @HAFB. https://t.co/cneExksoB2"
1128767608080224257,2019-05-15 21:02:23,More than 40% of Navajo Nation households in Utah lack running water. This bill will bring much-needed water infrastructure to these families. Pleased to see it pass unanimously out of @IndianCommittee and appreciate the efforts of Utah &amp; Nation leadership in making this happen. https://t.co/zfRvcmHSQn
1128727720664477697,2019-05-15 18:23:54,"Live soon‚Üí I‚Äôll be introducing the Navajo Utah Water Rights Settlement Act of 2019 in front of the @IndianCommittee, which will bring much-needed water infrastructure to Utah‚Äôs Navajo Nation. Tune in üëá https://t.co/OFfjxvEDBJ"
1128666504986353664,2019-05-15 14:20:39,"For decades, Gail Miller has worked tirelessly to use her business success to inspire and improve the lives of Utahns. I'm lucky to call her a friend. Congratulations, Gail, on an honor well-deserved! https://t.co/jn2KCXGIEv"
1128006111704043520,2019-05-13 18:36:29,"We know that tobacco damages the human body‚Äîthat tobacco kills people. And we also know that the number of young people who vape has nearly doubled. Proud to join colleagues @SenToddYoung, @SenBrianSchatz, and @SenatorDurbin in introducing important #Tobacco21 legislation. https://t.co/Ye00k4EQ10"
1126892705387356161,2019-05-10 16:52:12,"At Promontory Summit celebrating #Spike150, the 150th Anniversary of the driving of the Golden Spike! #utpol https://t.co/B1xOXiu8k0"
1126857603827601408,2019-05-10 14:32:43,RT @UtahGov: Senator Mitt Romney shares his perspective on #Spike150 https://t.co/4mi6xNYdkx @SenatorRomney #TranscontinentalRailroad
1126630184495529992,2019-05-09 23:29:02,"The #GoldenSpike was 5 5/8 inches long, weighed 14.03 oz, and was made of 17.6 carat gold. It was driven into a tie made out of polished California laurel. The spike and tie were immediately removed and replaced with a pine tie and iron spikes to prevent theft. #Spike150 https://t.co/9RQGFxIvT4"
1126595750882942980,2019-05-09 21:12:12,We must work toward bringing transparency to our healthcare system. I look forward to working with the Administration and my colleagues on solutions to ensure patients are empowered to make informed decisions regarding their care. https://t.co/ttay0rciKC
1126566757555146752,2019-05-09 19:17:00,"The Transcontinental Railroad was one of the most extraordinary engineering feats of the 19th century. Tomorrow, we celebrate the 150th anniversary of the driving of the Golden Spike, marking the completion of a railroad that did wonders to move our country forward. #Spike150 https://t.co/F1k7E7tvnr"
1126535230762946561,2019-05-09 17:11:43,"While patients face skyrocketing prescription drug costs, insurance companies &amp; drug manufacturers benefit from a complex system of rebates. I'm introducing a bill that aims to bring transparency to the prescription drug pricing system &amp; lower out-of-pocket costs for medication. https://t.co/1AuzmBI3dH"
1126496046400581632,2019-05-09 14:36:01,Looking forward to hearing from Utahns at my town hall tomorrow night in Lehi. Join me at 6:30 p.m. at MTECH Main Campus. Doors will open at 6:00 p.m.
1126259520982982658,2019-05-08 22:56:09,Andrew J. Russell‚Äôs ‚ÄúEast and West Shaking Hands at Laying of Last Rail‚Äù (commonly known as the ‚ÄúChampagne photo‚Äù) is the most famous photo associated with the First Continental Railroad. Some of the ceremony‚Äôs participants have been identified in the photo‚Üí https://t.co/vk2KnsDRKb
1126203703780872200,2019-05-08 19:14:21,"By imposing sanctions on Iran‚Äôs iron, steel, aluminum, and copper sectors, the Administration is correct to keep pressure on Iran. Given the regime‚Äôs egregious actions in recent past, we must continue implementing our maximum pressure campaign. https://t.co/antCV9ZnoT"
1126180132421554184,2019-05-08 17:40:41,"Live‚Üí Proud to join colleagues @SenToddYoung, @SenBrianSchatz, and @SenatorDurbin on important #Tobacco21 legislation. By raising the federal minimum age to buy tobacco products to 21, we can help keep these harmful products out of our children‚Äôs hands.

https://t.co/34cf6fBUHh"
1125892249655676929,2019-05-07 22:36:45,"Happy birthday, @GovHerbert! #utpol https://t.co/vMOJP6uS21"
1125826288479084549,2019-05-07 18:14:38,Welcome home üá∫üá∏ https://t.co/G8ThcqEWDx
1125795689806671873,2019-05-07 16:13:03,"The Golden Spike ceremony was originally scheduled for May 8, 1869, but had to be postponed two days due to inclement weather and labor disputes facing the Union Pacific side of the rail line. #Spike150"
1125771009808904192,2019-05-07 14:34:59,"Surprise visitor to our office this morning. Thanks for stopping by, Twinkie the Kid! https://t.co/NnQCT5yV27"
1125484141154373632,2019-05-06 19:35:04,Today‚Äôs #Spike150 trivia: Union Pacific‚Äôs 119 and Central Pacific‚Äôs Jupiter steam locomotives were staged face-to-face for the driving of the Golden Spike. https://t.co/gf6wvOD097
1125482116781879297,2019-05-06 19:27:01,"The completion of the Transcontinental Railroad helped unite our nation‚Äîculturally, geographically, and economically. It‚Äôs a testament to our enduring spirit of ingenuity and industry. #Spike150"
1125479213199450113,2019-05-06 19:15:29,"May 10 marks the 150th anniversary of the #GoldenSpike‚Äîa ceremony commemorating the completion of the Transcontinental Railroad in Promontory Summit of the Utah Territory. Throughout the week, I‚Äôll be sharing #Spike150 trivia."
1125407492199067648,2019-05-06 14:30:29,We stand with Israel in condemning Hamas' indiscriminate rocket attacks against Israeli civilians and call on #Hamas to uphold the current ceasefire. https://t.co/FWjNL4iwzK
1124025898485846016,2019-05-02 19:00:32,"From the future of Iraq to a potential Middle East peace plan, here are some of the takeaways from my recent trip to Israel, Jordan, and Iraq‚Üí https://t.co/WjHJVNB5AQ"
1124016371271176193,2019-05-02 18:22:40,Always great to see my friend @GovHerbert. I appreciate his leadership in our state and service to Utahns. #utpol https://t.co/xAEhemqK9K
1123599187814375424,2019-05-01 14:44:56,The 4th Fighter Squadron out of Utah‚Äôs Hill Air Force Base deployed the Air Force‚Äôs first F-35As used in combat. Proud to see @HAFB playing a vital role in the ongoing fight against ISIS. https://t.co/kG898frZIM
1123381278433259520,2019-05-01 00:19:02,Horrific violence is being perpetrated by Maduro-backed forces against the Venezuelan people. It‚Äôs appalling that Russia continues to prop up this despotic regime.
1123354231967297536,2019-04-30 22:31:34,Raising the federal smoking age to 21 is an important step toward keeping harmful tobacco products out of our children‚Äôs hands. Utah was one of the first states to enact such a law and I'm proud to join my colleagues in introducing federal legislation that follows Utah's lead. https://t.co/ZobQM8aCWP
1123225422483869697,2019-04-30 13:59:43,"üö®BREAKING NEWSüö® After nearly 4 months in the Senate basement, Team Romney has moved on up to our new office. Check it out: https://t.co/OGDASBv9UG"
1122988045358260226,2019-04-29 22:16:28,RT @HAFB: Welcome home!!! üá∫üá∏ - https://t.co/azN00Mp9dU
1122166259070775299,2019-04-27 15:50:59,"Met with the Speaker of Iraq‚Äôs Council of Representatives, Mohamed al-Halbousi. Appreciative of Iraqi leaders, like the Speaker, who are working hard, as good faith partners of ours, to ensure a peaceful and stable future that all Iraqis deserve. https://t.co/e9CJUm0vcZ"
1122146661223096321,2019-04-27 14:33:07,Our men and women in uniform are our nation‚Äôs best and brightest. Senator Murphy and I met with the Marines who protect the @USEmbassyJordan to thank them for their service üá∫üá∏ https://t.co/wPIFk3mJef
1121912492614139906,2019-04-26 23:02:37,"Senator Murphy and I traveled to the Al-Salam Palace to meet with President of the Republic of Iraq @BarhamSalih to discuss the security, economy, and future of the region. https://t.co/v87gEbgUsT"
1121901287656890369,2019-04-26 22:18:05,"Upon landing in Iraq, we met with U.S. leadership at the @USEmbBaghdad to discuss the security and economic situation in the country. Senator Murphy and I also met with Embassy staff to thank them for all the work they do. https://t.co/Xwvkr5fO8K"
1121153621046046723,2019-04-24 20:47:07,"In between meetings, Ann and I took some time to explore. We especially enjoyed visiting the Church of the Holy Sepulchre in the Old City of Jerusalem. https://t.co/IQfx1DWdcs"
1121130397503504385,2019-04-24 19:14:51,".@BYU has a fantastic campus in the Holy Land, offering students immersive courses in biblical studies and Near Eastern history. Enjoyed meeting with current students at the BYU Jerusalem Center and taking in the views of the West Bank. https://t.co/ufTcFOgQkG"
1121107854327414786,2019-04-24 17:45:16,"In Jerusalem, met with @USAmbIsrael Friedman and officials at the @IsraelMFA to discuss security concerns in the region. Israel is our most important ally and friend in the Middle East. We stand with them in promoting regional stability and countering the threat posed by Iran. https://t.co/88mAdLrbYS"
1120699748544020480,2019-04-23 14:43:36,"The U.S. faces complex challenges around the world, particularly in the Middle East. Over the next several days, Senator Murphy and I will be meeting with government officials in Israel and Jordan‚Äîworking to maintain and strengthen our alliances with key partners in the region. https://t.co/njus1vxVAn"
1120357947635380224,2019-04-22 16:05:24,Congratulations to Utah‚Äôs own @MarcHarrisonMD with @intermountain‚Äî the first Utahn and first person representing health care named to @FortuneMagazine‚Äôs 2019 World‚Äôs Greatest Leaders list. Learn more about his work ‚û°Ô∏è https://t.co/SgqkYaVgwb https://t.co/gDoRCHFFnd
1119955659951366144,2019-04-21 13:26:51,"As we celebrate the miracle of Easter, we hold in our hearts the victims of the senseless violence in Sri Lanka and their loved ones. We pray that they may experience God‚Äôs eternal grace, comfort, and love."
1119322471105216512,2019-04-19 19:30:47,I have now read the redacted Mueller report and offer my personal reaction: https://t.co/ACnExskqXJ
1118576960878333953,2019-04-17 18:08:24,"Opportunity Zones, now law following tax reform, boost economic growth and job creation in distressed communities. There are 46 of these designated zones across Utah. Pleased to see Utah officials included in this conference. https://t.co/y8mvevKYCs"
1118243417019113482,2019-04-16 20:03:01,"Proud to partner with the Navajo Nation, @SenMcSallyAZ &amp; @SenatorSinema to resolve a long-standing conflict regarding water rights, while providing Utah's Navajo Nation much needed infrastructure for nearly half of the 5,000 citizens there that don‚Äôt have running water. https://t.co/JTP59K3u4W"
1116692709014687744,2019-04-12 13:21:03,"RT @JoEmbassyUS: Jordan‚Äôs @AmbKawar meets with @SenatorRomney earlier today, discusses regional developments and bilateral relations. https‚Ä¶"
1116422770764730374,2019-04-11 19:28:25,Expanding Association Health Plans creates new opportunities for Utahns to band together and secure affordable health insurance. I‚Äôm proud to join my colleagues on legislation to ensure small businesses and individuals can access quality health insurance at cheaper prices. https://t.co/yYh8PbaKly
1116407010399006721,2019-04-11 18:25:47,"Based on our recent discussion and his years of experience managing federal lands, Mr. Bernhardt has a solid understanding of issues affecting Utah and Western states. I look forward to working with him and @Interior to ensure that Utah has a voice in public lands decisions."
1116042055606841344,2019-04-10 18:15:35,"First it was the #GreenNewDeal and now it‚Äôs another ill-conceived idea: Medicare for All. This proposal has a $32 trillion price tag and would completely eliminate competition in health care. Between jeopardizing the quality of care and the cost, #MedicareForAll is a non-starter. https://t.co/k0mXnLH5Os"
1115706815096983553,2019-04-09 20:03:28,"RT @UTNationalGuard: Welcome home 1st Battalion, 145th Field Artillery. It was a long 10 months, but they truly lived up to Echo Battery's‚Ä¶"
1115671688723730433,2019-04-09 17:43:53,"Congress must put in place processes and measures to make sure that we secure our border and that our systems don‚Äôt attract people here in such huge numbers. For starters, mandatory E-Verify is essential to turn off the magnet that draws people into the country illegally. https://t.co/3iPlJhWvJ3"
1115658861183209472,2019-04-09 16:52:55,I am deeply troubled by the vacancies at @DHSgov. It is dangerous given what‚Äôs happening at the border and dangerous given the broad responsibility that the Department of Homeland Security has for protecting our nation. https://t.co/jtK9GF28YU
1115602814699356162,2019-04-09 13:10:12,"By implementing drought contingency plans for the Colorado River Basin, this legislation is an important step toward effectively managing Utah‚Äôs waters and the communities that depend on them. Pleased to see this bill headed to the President‚Äôs desk. https://t.co/9NTsiDGRs5"
1115284138825797632,2019-04-08 16:03:54,There is no doubt that Iran is a state sponsor of terrorism. I fully support the administration‚Äôs designation of Iran‚Äôs Islamic Revolutionary Guard Corps as a Foreign Terrorist Organization. We must continue maximum pressure efforts to hold the regime accountable for its actions.
1114923598941237249,2019-04-07 16:11:14,"RT @KSL5TV: .@SenatorRomney (R-Utah) talks to @chucktodd about immigration and health care, during an exclusive interview with @MeetThePres‚Ä¶"
1114903859015630850,2019-04-07 14:52:48,"RT @chucktodd: .@SenatorRomney tells me that a ""federal state partnership is a much wiser way to go"" on healthcare. 

""The Democrats agree‚Ä¶"
1114901471097700359,2019-04-07 14:43:19,"RT @MeetThePress: ""We need to complete the border fence,"" @SenatorRomney says on #MTP, adds that, ""we got to deal with this asylum issue th‚Ä¶"
1114889044981354497,2019-04-07 13:53:56,"Live soon‚Üí I'll be discussing healthcare, border security, and other news of the day with @chucktodd on @MeetThePress. Tune in on @KSL5TV or your local @NBCNews affiliate."
1114878797063577601,2019-04-07 13:13:13,"RT @KSL5TV: Coming up at 8 a.m. on @KSL5TV, @SenatorRomney is giving an exclusive interview to @MeetThePress. #IfItsSunday #MTP https://t.c‚Ä¶"
1114679424903987200,2019-04-07 00:00:59,RT @KSL5TV: EXCLUSIVE: @SenatorRomney is on @MeetThePress tomorrow morning on @KSL5TV at 8 a.m. #MTP #IfItsSunday https://t.co/DZW2TKqVfC
1114665964983980033,2019-04-06 23:07:30,RT @MeetThePress: TOMORROW: Exclusive interviews with Mayor @PeteButtigieg and @SenatorRomney on #MTP with @chucktodd. #IfItsSunday https:/‚Ä¶
1114353388630761472,2019-04-06 02:25:26,I appreciate all of the Utahns who came out to my town hall tonight in St. George‚Äîenjoyed hearing from everyone. Thank you for your questions and suggestions for how I can best serve you in the Senate. https://t.co/cLqZiSyMtp
1114228389957787649,2019-04-05 18:08:44,"On Gold Star Spouses Day, let us take a moment to honor all of the Gold Star Spouses in Utah and across the country‚Äîlike Jennie Taylor of North Ogden. May we recognize their service and sacrifice, as well as the strength they exude for their families. https://t.co/PouQRcF9q4"
1114179710236463105,2019-04-05 14:55:18,Border security should not be a partisan issue. There is a real crisis at our southern border. We must put aside the partisan bickering and do the right thing for our national security. https://t.co/ocn238Bh9l
1113913659149963290,2019-04-04 21:18:06,"RT @RepAnnWagner: ICYMI: I joined @SenRubioPress, @SenatorRomney, and @RepDanCrenshaw in writing an op-ed on our paid family leave legislat‚Ä¶"
1113894694344364034,2019-04-04 20:02:44,Looking forward to hearing from Utahns at my town hall tomorrow night in St. George. Join me at 7:00 p.m. in @DixieState‚Äôs Gardner Center (Conference Room D). #utpol
1113856182303825920,2019-04-04 17:29:42,"Today marks the 70th anniversary of the signing of the North Atlantic Treaty, creating the @NATO alliance. NATO has been imperative in keeping peace and we must make every effort to continue supporting our allies. https://t.co/3EnuOb2Xar"
1113571107980836864,2019-04-03 22:36:55,"RT @KSLcom: Having long called China one of the biggest threats to the U.S, Romney introduced legislation this week aimed at protecting the‚Ä¶"
1113547946233143296,2019-04-03 21:04:53,"We must develop a comprehensive strategy to confront the unprecedented challenge the Chinese government poses to our national security, intellectual property, and businesses. This bill starts to put puts safeguards in place to confront the critical threat China poses. https://t.co/ef49FvLxm3"
1113530308161413121,2019-04-03 19:54:48,Concerned that DOD‚Äôs list of projects potentially seeing funding delayed following the national emergency declaration includes important projects at Utah‚Äôs @HAFB. I join @SenMikeLee in urging the administration to protect funding for these projects critical to national security. https://t.co/5AFqhkPjfi
1113476147516407814,2019-04-03 16:19:35,"Strong speech from @NATO Secretary General @JensStoltenberg to a joint session of Congress. I was heartened to see the enthusiastic, bipartisan support of NATO from my colleagues. Now, more than ever, our alliances are crucial to confronting rising adversarial powers."
1113122100942962688,2019-04-02 16:52:44,"Utah has been in a severe drought for 19 years. With Lake Powell at dangerously low levels, we must develop a drought contingency plan to better manage the Colorado River, which is critical to the survival, livelihood, and recreation of Utahns. This bill is an important step. https://t.co/zPMxtTwgl5"
1111663595883057152,2019-03-29 16:17:09,It‚Äôs time we start working toward #PaidFamilyLeave solutions to help parents in the critical first few months of their children's lives. Our proposal gives parents the flexibility to take time off from work with pay without growing our national debt or raising taxes. https://t.co/3crYwkd6rQ
1111631556249075713,2019-03-29 14:09:50,"Today, we pause to remember a large group of America‚Äôs heroes‚Äîour Vietnam War veterans. We are eternally grateful for your service and sacrifice on behalf of our country. #VietnamWarVeteransDay"
1111355131189182464,2019-03-28 19:51:25,We‚Äôve spent $41 billion beyond the discretionary spending limits on natural disasters over the last five years. My plan gives Congress two years to plan for disasters in the annual budget process. It‚Äôs time we start planning ahead instead of running up the government credit card. https://t.co/K3hripig9r
1111286107373817857,2019-03-28 15:17:09,"With our $22 trillion national debt, Congress needs to be better at balancing its checkbook. That means budgeting for disasters that cost taxpayers billions every year. I‚Äôm filing an amendment today that would put the U.S. on a two year path to responsible disaster funding. https://t.co/HwUhGhFaqy"
1111012377707929603,2019-03-27 21:09:27,Staff Sgt. Travis Atkins was a son of the West and the definition of an American hero. He is more than deserving of the Presidential Medal of Honor‚Äîour country‚Äôs highest military honor. https://t.co/v7u5V8RUmr
1111003152604717057,2019-03-27 20:32:47,"RT @RepAnnWagner: Thank you to @SenatorRomney, @SenRubioPress, and @RepDanCrenshaw for joining me today in introducing the #NewParentsAct.‚Ä¶"
1110975165473701888,2019-03-27 18:41:35,"RT @RepDanCrenshaw: Today I joined @MarcoRubio, @SenatorRomney and @RepAnnWagner in introducing the #NewParentsAct, a fiscally responsible‚Ä¶"
1110950727663398912,2019-03-27 17:04:28,"Many parents rush back to work after having a child because they can‚Äôt afford to miss a few weeks of pay. This isn‚Äôt good for families. Our #NewParentsAct is a #PaidFamilyLeave proposal that doesn‚Äôt create a new entitlement program, grow our national debt, or raise taxes. https://t.co/wvRGGxvzG9"
1110922020307390464,2019-03-27 15:10:24,"Live‚Üí @senrubiopress, @RepAnnWagner, @RepDanCrenshaw &amp; I are unveiling our #PaidFamilyLeave proposal‚Äîthe #NewParentsAct. https://t.co/I8TwXx7FMG"
1110603985487126528,2019-03-26 18:06:38,"RT @abc4utah: ""Society is only as strong as its institutions, and we should resist any effort to treat the Supreme Court like one of the el‚Ä¶"
1109917107008008192,2019-03-24 20:37:14,It is good news that the Special Counsel has concluded that neither the President nor his campaign colluded with the Russian government. It is now time for the country to move forward.
1109917105577697280,2019-03-24 20:37:13,"The Mueller investigation, led by a person of such honor and integrity, has faithfully applied the rule of law despite accusations and fears to the contrary."
1109592443077443584,2019-03-23 23:07:08,More about @HAFB's role in our national security and our visit‚Üí https://t.co/stJyAKsd4H
1109591567931793409,2019-03-23 23:03:39,Hill Air Force Base is vital to our country's military readiness and national security. Enjoyed visiting @HAFB with Congressman Bishop‚Äîwe're grateful for the men and women who serve there. https://t.co/5lmH0CjQI5
1109094389874339840,2019-03-22 14:08:03,It‚Äôs now official: The North Ogden @DeptVetAffairs Outstation will now be renamed in honor of Major Brent Taylor. A fitting honor for this great man and American hero. https://t.co/O6i5zjgC7Y
1108420504313057281,2019-03-20 17:30:16,"RT @UTNationalGuard: Welcome home 2nd Lt. Lynn W. Hadfield, 74-years after his plane was shot down in Germany. https://t.co/OXUjd75hJf"
1108410934807138304,2019-03-20 16:52:14,"RT @KUTV2News: 74 years after death, WWII soldier's remains returned to Utah https://t.co/HdKI3HpEhB"
1108400178845962242,2019-03-20 16:09:30,"Levied on everything from pacemakers to defibrillators and surgical tools, the Medical Device Tax hurts patients and stifles medical innovation. Proud to join nearly two dozen colleagues on bipartisan legislation to #RepealDeviceTax."
1108375561561432065,2019-03-20 14:31:41,Very pleased that Russia has released the two Church volunteers and that they are now returning home to their families. https://t.co/H25Y1tIVmK
1106631261857157120,2019-03-15 19:00:27,"Yesterday's @StateDept Intercountry Adoptions report revealed the number of foreign children adopted by U.S. parents fell nearly 14% in 2018, a 14-year trend. We must continue to pressure certain countries to allow U.S. parents to adopt children in need. https://t.co/4vDnMrxXvC"
1106203037096390656,2019-03-14 14:38:50,My statement on today‚Äôs emergency declaration vote‚Üí https://t.co/QbP7VCL81S
1105962076252585984,2019-03-13 22:41:21,"Ending this support would undermine our allies and our security interests in the region by emboldening Iran, hampering counterterrorism efforts, and potentially worsening the humanitarian crisis. https://t.co/pRYtmzt8mF"
1105961933860204549,2019-03-13 22:40:47,The US currently provides limited support to the Saudi-led coalition in Yemen. I voted against the Yemen War Powers Resolution because I'm concerned it would set a precedent that would negatively impact our security partnerships around the world that rely on similar US support.
1105643168542978049,2019-03-13 01:34:07,"@GovHerbert @MittRomney Thank you, Governor!"
1105583830163996673,2019-03-12 21:38:20,"@SenDuckworth Even though we may disagree on how to best blow out birthday candles, best wishes for a very happy birthday!"
1105556269526667265,2019-03-12 19:48:49,This bipartisan public lands package includes many priorities Utah‚Äôs county commissioners have long fought for. Proud to see this important legislation be signed into law. https://t.co/9lJkkS8rxp
1105486894236946433,2019-03-12 15:13:09,"@RepBenMcAdams Thanks, Ben!"
1105478873284780035,2019-03-12 14:41:16,"@RepJohnCurtis Thanks, John! Off to a strong start with my Twinkie birthday cake. https://t.co/ELUSYtt8Zg"
1104120383609933824,2019-03-08 20:43:07,"Our national debt is more than $22 trillion dollars. And this year, we are set to add another $1 trillion. Our government must find ways to pay down our debt, starting with the elimination of waste, fraud, and abuse in government programs. https://t.co/GEyyM4i2Ww"
1103753638562983936,2019-03-07 20:25:48,"China invests in Italy‚Äôs factories, buildings, and culture: welcome news. China wants to invest in your PORTS, however, don‚Äôt be fooled: They are looking for a stranglehold. https://t.co/21cMe0zJtP"
1103748148302958592,2019-03-07 20:03:59,"The Senate Youth Program recognizes some of the nation‚Äôs top student leaders, and Emmalyn and Keven are two of Utah‚Äôs brightest. I look forward to their continued accomplishments as part of the next generation of leaders. https://t.co/IoKJPCg83z"
1103734931593854977,2019-03-07 19:11:28,"Welcomed this large group of Utah‚Äôs farmers and ranchers to the Capitol this morning to talk Utah agriculture challenges‚Äîtrade policies that would open markets for agriculture exports, H-2A visas, and land management policies. Thanks for coming by! https://t.co/PftPYXRVY8"
1103347750463303680,2019-03-06 17:32:57,"Many have questioned why we continue to have a military presence in the Middle East. Questioned the Iraq and Saudi Arabia Ambassador nominees on why U.S. engagement in the Middle East is necessary for the security of our country, our allies, and the world. https://t.co/dGZLxaMuys"
1103305195457560576,2019-03-06 14:43:51,"Welcomed commissioners from Uintah, Iron, Washington, and Davis counties to our nation‚Äôs capital yesterday. I appreciated hearing your priorities and am grateful for your service. Look forward to working with you all. https://t.co/e0Wl7Jnr30"
1103061764751745024,2019-03-05 22:36:33,"Multiple sclerosis hits close to home‚Äîit‚Äôs been almost 20 years since Ann was diagnosed. Thanks, @MSsociety, for all of your work advocating for those living with MS in Utah and across the country. https://t.co/LRZxfNkVO1"
1103054019147300865,2019-03-05 22:05:46,Our country is losing on average 20 veterans and service members a day to suicide‚Äîit‚Äôs heartbreaking. This is a positive step toward providing our nation‚Äôs veterans with the care they deserve. https://t.co/jjdgbLpAn9
1101591432408850434,2019-03-01 21:13:58,Rising health care costs are a big concern for Utah families and small businesses. That‚Äôs why I joined my fellow first-term Senators to urge Senate Leadership to take action on the Health Insurance Tax and prevent more cost hikes. https://t.co/jl6yGyyyJC
1101506582091833349,2019-03-01 15:36:48,"Met with the mayors of Provo, Spanish Fork, Salem, Nephi, Levan, and Manti, as well as members of the Provo and Salem city councils, this week. I appreciated hearing about their plans to ensure inexpensive reliable power for their residents. https://t.co/IYAXloH2U6"
1101248622614712321,2019-02-28 22:31:46,"Given that China has closed many U.S. cultural centers, our government and the schools that enter these agreements, should take a hard look at whether we should continue to allow Confucius Institutes to operate in our country. https://t.co/h5z0gWXpiO"
1101239151746342912,2019-02-28 21:54:08,I have serious concerns about how little we know about Confucius Institutes and whether they are part of an influence campaign by the Chinese government to shape the attitudes of young Americans. https://t.co/fDkUDzRQU0
1101165370281545729,2019-02-28 17:00:57,Great to have @ChuckGrassley visit the office this morning. I‚Äôm looking forward to working with him during this Congress on ways to bring down the cost of prescription drugs. https://t.co/6Zit9PqhmK
1100826320534233089,2019-02-27 18:33:41,"With more than 25 years of experience in environmental policy, Mr. Wheeler is well-qualified to lead the @EPA. I look forward to working with him to ensure that our environmental policies help promote economic growth while also preserving our environment and natural resources. https://t.co/KpCeOQH1VC"
1100802648922562561,2019-02-27 16:59:38,We should all be concerned that we do not yet have a comprehensive strategy to deal with the rise of China. This should be an urgent priority for Congress and the Administration. https://t.co/PTSMOonl0m
1100775213501952000,2019-02-27 15:10:36,"Live soon‚Üí Our first Senate Foreign Relations Committee hearing of this Congress, focused on assessing the role of the United States in the world. You can watch here: https://t.co/hp8bJpj5fu"
1100555855936872448,2019-02-27 00:38:58,Pleased to see this bipartisan public lands package head to the President‚Äôs desk to become law. https://t.co/hC69RkLlZt
1100173670792785920,2019-02-25 23:20:18,"Tonight, Senate Democrats blocked a vote on the Born-Alive Abortion Survivors Protection Act. It‚Äôs unconscionable &amp; inhumane that some in our country, especially members of Congress, are unwilling to take a stand and support the lives of newborns who survive an abortion attempt."
1100135007052533760,2019-02-25 20:46:39,RT @rollcall: GOP Sen. John Cornyn is leading senators wanting to ban Chinese tech giant Huawei from supplying key parts of the U.S. energy‚Ä¶
1099488134998487040,2019-02-24 01:56:13,Thanks to everyone who joined me in Castle Dale and Price. Always enjoy visiting this beautiful part of our state and hearing what‚Äôs on your mind. https://t.co/YWmOXo95x5
1099408069933654016,2019-02-23 20:38:04,Beautiful day in Emery County. Looking out over Salt Wash in the San Rafael Swell. https://t.co/jcFokSbnRr
1099058097677570048,2019-02-22 21:27:24,"Tomorrow, I‚Äôll be hosting town halls in Emery and Carbon counties to hear from local residents. Join me at the Emery County Administration Building in Castle Dale at 3:00 PM, or the Carbon County Administration Building in Price at 4:30 PM. #utpol"
1099044792309374977,2019-02-22 20:34:32,Welcomed @TeamUSA‚Äôs Sarah Hirshland and Susanne Lyons to the office to discuss their vision for committee reforms. Hard to believe it‚Äôs been 20 years since I joined the organizing committee for the 2002 Winter Olympic Games in Salt Lake City. https://t.co/xpcoEsUJ5N
1099025598968725506,2019-02-22 19:18:16,"Happy Birthday to our country‚Äôs first President, George Washington üéâ https://t.co/DV0pV0wTnD"
1098776299101929472,2019-02-22 02:47:38,Enjoyed hearing from everyone who came out to tonight‚Äôs town hall in West Jordan. Thanks for your questions and suggestions for how I can best serve you in the Senate. https://t.co/nsjwPWUN8X
1098747637476610049,2019-02-22 00:53:45,Fueling up for tonight‚Äôs town hall‚Äîthanks @ChickfilA Taylorsville! https://t.co/h8Rc3mZ5bH
1098732295404617728,2019-02-21 23:52:47,"Visited @SLCairport for a tour and update on the expansion project, which will boost travel and commerce in Utah and the region. Find out more about #TheNewSLCüëâ https://t.co/pugW0zrGFn https://t.co/mveSWX8AkO"
1098693400155561984,2019-02-21 21:18:13,"Spent the afternoon at the Utah State Capitol meeting with legislators from both parties in the House and Senate. I reiterated to them that I‚Äôm all ears‚Äîif there are things that need to be done for our state, or things they care about, I want to know. #utpol #utleg https://t.co/fTvtIreN1N"
1098619267359084545,2019-02-21 16:23:39,Looking forward to hearing from Utahns at my second town hall tonight in @CityWestJordan. Join me at the City Hall Council Chambers at 6:00 PM. #utpol
1097953833752428546,2019-02-19 20:19:27,"Three years ago, Abdusalam emigrated to Salt Lake City, enrolling in a firefighting program through @USDA‚Äôs Job Corps. I recently congratulated him on being named the 2019 Corpsmember of the Year. Best of luck as you embark on the training to become a wildland firefighter! https://t.co/NKllkZd3O4"
1097907452706729986,2019-02-19 17:15:09,"Responsible energy development is important to Utah‚Äôs energy industry and rural economies. This lease agreement will bring jobs and generate revenue to support the local economy in Kane, Garfield, and Sevier counties, while also protecting our national resources. https://t.co/kp1Moa2Q1o"
1096177709204602889,2019-02-14 22:41:46,"I'll reserve judgment on any potential executive action by the President until I'm able to fully evaluate it, but as I‚Äôve said, I don't believe declaring a national emergency is the right approach. I'd also expect the President to stay within statutory and constitutional limits."
1096177600689590274,2019-02-14 22:41:20,"While today's funding bill is far from perfect, it includes critical funding for border security and immigration enforcement, and prevents another harmful government shutdown. I am glad the Senate was able to conclude this unfinished business from last year."
1096126553015103488,2019-02-14 19:18:29,"#OTD 149 years ago, Seraph Young became the first woman to vote in the United States‚Äîjust two days after the Utah Territory passed its suffrage laws. 25 Utah women voted that day, nearly four decades before passage of the 19th Amendment. #utpol https://t.co/mIQYCCfbCq"
1095826551323664384,2019-02-13 23:26:23,"Addie from West Jordan visited the office to advocate for her unified soccer team, which brought home the gold at the 2018 @SpecialOlympics USA Games. Enjoyed hearing about your experience and learning more about unified sports. Thanks for stopping by the office! https://t.co/KQDzMaUtgb"
1095804332753240064,2019-02-13 21:58:06,"At our first @SmallBizCmte hearing today, I had the opportunity to thank @SBALinda for the work @SBAgov does to help Utah's small businesses, particularly those in the rural parts of our state. I look forward to working together to continue these efforts. https://t.co/iVbvWBje7w"
1095453414446809093,2019-02-12 22:43:41,"The #LandsPackage2019 is the culmination of years of collaboration and cooperation between Utah county commissioners and local groups, ensuring provisions were locally-driven instead of dictated by Washington bureaucrats. This legislation is good for Utah. https://t.co/NOFsxKdoK1"
1095369658662834176,2019-02-12 17:10:52,"Under the previous administration, @Energy stalled in removing 16 million tons of uranium tailings from Utah‚Äôs Colorado River Banks. Met with representatives of the Grand County and Moab City Councils to pledge my support for continued funding for the Moab UMTRA Project. https://t.co/AvoGUpOM3P"
1095338489082572800,2019-02-12 15:07:00,"RT @GOPHELP: TUNE IN at 10:00 AM ET for the Senate health committee‚Äôs hearing on how we can better understand the causes of pain, improve c‚Ä¶"
1095329976986095616,2019-02-12 14:33:11,"RT @GovHerbert: My thanks to @RepRobBishop,  @RepJohnCurtis, Senator @MittRomney, and @RepChrisStewart for helping advance a public lands b‚Ä¶"
1095327160003428352,2019-02-12 14:21:59,RT @DeidreHenderson: Fun fact: 149 years ago today Utah‚Äôs all-male territorial legislature UNANIMOUSLY voted for women‚Äôs suffrage. #respect
1095098306974363649,2019-02-11 23:12:36,"While the Senate voted not to include @SenMikeLee‚Äôs and my Antiquities amendment in the lands bill, we'll keep working to prevent excessive land grabs by Washington bureaucrats and ensure local involvement in decisions made regarding Utah‚Äôs public lands.
https://t.co/g5F9k31Tyn"
1094962692593516544,2019-02-11 14:13:43,"RT @DeseretNews: .@MittRomney: ""Utah is, and will always be, a public lands state. As such, we must look for more public lands solutions th‚Ä¶"
1094667318234365952,2019-02-10 18:40:01,Decisions made regarding Utah‚Äôs public lands should be made by those who call rural Utah home. The bipartisan public lands package includes 10 locally-driven bills that were crafted to balance the needs of Utahns with conservation of our cherished lands. https://t.co/I0C4VszF6n
1094347604320813061,2019-02-09 21:29:35,Welcomed Navajo Nation President @NNPrezNez and other Nation leaders to the office this week. I look forward to working with you all on issues that affect Utah‚Äôs Navajo communities. https://t.co/kmVA26SFll
1094295391846191107,2019-02-09 18:02:07,"This week, I met with members of the Garfield, Kane, and Iron County Drug Prevention coalitions to learn about their work to provide youths and families the tools needed to make good choices regarding drugs and other substances. An impressive group of students. https://t.co/wiZiPzMgBd"
1093980697302306821,2019-02-08 21:11:38,Had the opportunity to sample Utah‚Äôs Best Tasting Water for 2018 while meeting with the @UtahRuralWater Association to discuss water issues within our state. Utah‚Äôs water is mighty fine! https://t.co/9frvee0EYT
1093951079103021058,2019-02-08 19:13:56,"RT @utahsenate: Today, we had the privilege of honoring Utah‚Äôs fallen soldiers on the Senate floor to give thanks for the service they and‚Ä¶"
1093938970545786880,2019-02-08 18:25:49,RT @UTNationalGuard: Governor Gary Herbert recognizes four families of fallen service members today in the Gold Room at the Utah State Capi‚Ä¶
1093612623088750595,2019-02-07 20:49:02,"William Barr is exceptionally qualified to serve as Attorney General. He'll provide strong leadership, respect and defend the rule of law, and maintain the @TheJusticeDept‚Äôs independence. Read more about why I will be voting in support of his nomination ‚Üí https://t.co/WYW1eEMzZS https://t.co/QzjXgrRkOI"
1093278208349425664,2019-02-06 22:40:11,"Joined my fellow Utahns this afternoon to honor the life of former North Ogden mayor Major Brent Taylor, and the sacrifices of his family. Proud the Senate passed a resolution this week to rename the North Ogden @DeptVetAffairs Outstation in his name. https://t.co/JJwaIia18b"
1093266062530019328,2019-02-06 21:51:55,"The people we love, the friendships we have, our associations with one another‚Äîthis is the real currency in life. By this measure, Major Brent Taylor was an extraordinarily wealthy man. Today, we honored the life of this great man and his family. https://t.co/UxF32hzrhI"
1093236234829352960,2019-02-06 19:53:24,Speaking with @BoydMatheson now on @kslnewsradio. Listen here: https://t.co/MMS8trls0Q
1093006974856376320,2019-02-06 04:42:24,"While I welcome efforts by the administration to reach a political solution in Afghanistan and eliminate ISIS in Syria, I believe that ‚Äì based on conditions on the ground ‚Äì we must maintain a sufficient U.S. presence in both places to protect our national security interests."
1093006973862400000,2019-02-06 04:42:24,"When it comes to foreign policy, I have been encouraged by the administration‚Äôs decisions to support the people of Venezuela and take a hard line against Iranian aggression."
1093006972880855047,2019-02-06 04:42:24,"The Trump Administration deserves credit for working to cut taxes and regulations, which have helped boost our economy and raise wages."
1093006971760971778,2019-02-06 04:42:23,"He highlighted several critical policy areas where there are opportunities for both parties to work together ‚Äì including lowering health care costs, reforming trade policies to better protect American workers, and strengthening border security and immigration enforcement."
1093006970888613888,2019-02-06 04:42:23,"The president‚Äôs speech was strong, well-delivered, and appealed to our patriotism and common values as Americans."
1092933604836024320,2019-02-05 23:50:51,"Humbled to be joined by Gold Star mother Mrs. Betty Lou Workman for this year‚Äôs #SOTU. Mrs. Workman‚Äôs son, @USNavy SEAL Jason Workman, was killed in action in Afghanistan in 2011. https://t.co/noXw9YB47U"
1092885954807894016,2019-02-05 20:41:31,"RT @SenMikeLee: Humbled to join @RepRobBishop, @SenatorRomney, and the rest of the Utah delegation in honoring Utahn and American hero, Maj‚Ä¶"
1092828923237462016,2019-02-05 16:54:53,Navajo Code Talkers played a vital role in World War II. A well-deserved recognition. #utpol https://t.co/L5oeg4uCrO
1092810715767943170,2019-02-05 15:42:32,"RT @laddegan: ""I'm humbled to be joined by Mrs. Workman,"" said @SenatorRomney about  his guest for #SOTU . The mother of fallen Navy SEAL J‚Ä¶"
1092805387663953920,2019-02-05 15:21:22,RT @GovHerbert: In recognition of #Spike150 I just declared 2019 the Year of the Train. We are the crossroads of the west ‚Äî and here‚Äôs to a‚Ä¶
1092555024159436800,2019-02-04 22:46:31,Chief Petty Officer Jason Workman selflessly gave his life in service to our country. I'm humbled to be joined by his mother for this year‚Äôs #SOTU. Read more about @USNavy SEAL Jason Workman's service: https://t.co/qU4q4jbFLP
1092509797251981312,2019-02-04 19:46:48,"RT @AmericanCancer: Today is #WorldCancerDay, when organizations &amp; people around the world unite to raise awareness about #cancer &amp; work to‚Ä¶"
1091413843941703681,2019-02-01 19:11:52,RT @UVUImpact: Some exciting announcements from UVU President Astrid Tuminez at the Silicon Slopes #Tech Summit! UVU will offer the first T‚Ä¶
1091380632595369989,2019-02-01 16:59:54,"Russia has continued its bad behavior by deploying prohibited weapons systems in blatant violation of the INF treaty. We cannot wish our way to deterrence, and withdrawing from the INF‚Äîwith the full support of our NATO allies‚Äîis the right policy."
1091123523127570433,2019-01-31 23:58:14,Thank you to all the members of @UTNationalGuard's @65thFA_BDE for your service to our country. Welcome home üá∫üá∏ https://t.co/uL6OYpmVVi
1091100315552833537,2019-01-31 22:26:01,"Proud to have the @USArmy seal now displayed in my office courtesy of Major General Neil Thurgood. Maj. Gen. Thurgood, a proud @UUtah alum, is currently the Director for Test with the Missile Defense Agency. https://t.co/LV3KAAhqf0"
1090732732693532672,2019-01-30 22:05:22,"Met with great advocates from all over Utah to learn about the modern issues affecting the blind population. Thanks for your continued work, @NFB_voice Utah. https://t.co/Vnh7gn8JrR"
1090681994500022279,2019-01-30 18:43:46,I firmly believe we must expand parental choice and create more opportunities in education. Met with representatives of Utah‚Äôs Head Start to learn more about their work to ensure Utah‚Äôs children &amp; families have early access to the support needed to thrive and be self-sufficient. https://t.co/AQe0h9DFOZ
1090414015313072129,2019-01-30 00:58:54,"I continue to believe the premature withdrawal of U.S. forces from Syria and Afghanistan would be a grave mistake that could pose serious risks for our national security. For that reason, I will be supporting @SenateMajLdr‚Äôs amendment. https://t.co/vzzRzTTLLx"
1090367408819232768,2019-01-29 21:53:42,"For far too long, China has been skirting the rules when it comes to trade and intellectual property. Met with @USTradeRep Lighthizer to discuss ways to keep up the long-term pressure on China to play fair. https://t.co/R9kozEQIpw"
1090276153741328384,2019-01-29 15:51:06,RT @GOPHELP: TUNE IN at 10:00 AM ET for the Senate health committee‚Äôs hearing on health centers and providers in underserved communities. Y‚Ä¶
1089983308786778114,2019-01-28 20:27:26,The @USCapitol Dome is an incredible and enduring symbol of our country‚Äôs democracy. Such a great experience to ascend to the top today ‚û°Ô∏è https://t.co/xNZM3zB3tT
1089930776106422272,2019-01-28 16:58:41,"As the Utah Legislature convenes today, best wishes to @UtahSenate President Stuart Adams, @UtahReps Speaker Brad Wilson, and all of the state‚Äôs legislators. May the tradition of bipartisanship continue so Utah remains one of the best-managed states in the country. #utpol"
1089925268641366016,2019-01-28 16:36:48,RT @DeseretNews: Provo-Orem tops nation in new Best Performing Cities report https://t.co/VAanM0Mplo https://t.co/JHYabPDruZ
1089908621515939841,2019-01-28 15:30:39,Good news‚Üí Utah has two of this year‚Äôs top 10 best-performing cities for job creation and economic growth: Provo-Orem and Salt Lake City. The Beehive State is a great place to live and do business. https://t.co/Ix2Aobs8KM
1089527208387985408,2019-01-27 14:15:03,"On #HolocaustRemembranceDay, we renew our commitment to never forget the men, women, and children, including the nearly six million Jews, who were senselessly murdered during the Holocaust. Today, #WeRemember."
1088890431864270849,2019-01-25 20:04:44,"I‚Äôm encouraged by today‚Äôs agreement, which will put people back to work and make sure they get paid. Both parties must work together in the next three weeks on a final agreement that funds border security and avoids another shutdown."
1088552722327134210,2019-01-24 21:42:47,"Utahns have been clear‚Äîend the shutdown and secure the border. I voted today to do both. With both measures having failed, it‚Äôs time now for Republican and Democratic leaders to come together and negotiate a final deal that funds border security and reopens the government."
1088136924450172928,2019-01-23 18:10:34,"RT @standardex: ""This is not the way to get things done,"" @SenatorRomney said of the shutdown at Tuesday's meeting in Farmington. ""It's bei‚Ä¶"
1088127024323948545,2019-01-23 17:31:13,"RT @DeseretNews: As shutdown woes and border wall debates dominated his first town hall meeting Tuesday, Sen. Mitt Romney emphasized the ne‚Ä¶"
1088118120542285824,2019-01-23 16:55:50,"RT @KUTV2News: Sen. Mitt Romney spoke about the government shutdown and border wall security during his town hall on Tuesday.

‚ÄúWe have to‚Ä¶"
1088100983018831873,2019-01-23 15:47:44,RT @standardex: .@SenatorRomney put the focus on the ongoing government shutdown and border security at his first town hall gathering since‚Ä¶
1088099014191525888,2019-01-23 15:39:55,"@geoffr72 It was great meeting you, Geoff. Thank you for your service to our country."
1087942214980915200,2019-01-23 05:16:51,Thank you to all of the Utahns who came out to my first town hall tonight in Farmington. Hearing and understanding your perspectives is crucial. I appreciate you all taking time to join me tonight to share your views. https://t.co/7a1lhnMcqA
1087856127004545025,2019-01-22 23:34:46,"RT @vasaltlakecity: @SenatorRomney stopped by and visited with #Veterans this afternoon, and took a little tour of the medical center. Than‚Ä¶"
1087827821685284864,2019-01-22 21:42:18,"It was an honor to meet Cornelius DeJong, a World War II veteran and one of the Greatest Generation. You can read more about his incredible navy service ‚§µÔ∏è https://t.co/jVepDFWX2L"
1087821305674641411,2019-01-22 21:16:24,"Our nation‚Äôs veterans deserve the absolute best care our country can offer. Visited the VA Medical Center in Salt Lake City today to learn about the services they provide to the more than 60,000 veterans across the region. https://t.co/KfZgyxypdm"
1087809826686668806,2019-01-22 20:30:47,My responsibility is to Utahns‚Äîto represent their interests and values in the Senate. I look forward to hearing from Utah residents at my first town hall meeting tonight in Farmington. https://t.co/NV2JG8sc0Y
1087349357941309442,2019-01-21 14:01:03,"Dr. Martin Luther King Jr. had a message not of anger or resentment, but one of hope and opportunity. He had a tremendous capacity to inspire and uplift. On #MLKday, we honor this champion for civil rights. https://t.co/6G5WcZmM2I"
1086742109242179585,2019-01-19 21:48:04,".@POTUS has put forth a reasonable, good faith proposal that will reopen the government and help secure the border. I look forward to voting for it and will work to encourage my Republican and Democratic colleagues to do the same."
1086695199433211905,2019-01-19 18:41:40,The Beehive State is a great place to do business. I encourage more businesses to take advantage of Utah‚Äôs fast-growing economy and consider setting up shop in rural and urban Utah.
1086693384058744835,2019-01-19 18:34:27,"Because of Utah‚Äôs fast-growing economy, Davis Smith chose Salt Lake City over other U.S. cities as the location to launch his outdoor gear company. Glad I had the opportunity to meet with him and his family during their trip to Washington. https://t.co/9364EBgsZn"
1086691604780539904,2019-01-19 18:27:22,"Utah has had the fastest-growing labor force of any U.S. state since 2010, growing at more than triple the nation‚Äôs pace. https://t.co/BOgvGFHPjC"
1086681986280947718,2019-01-19 17:49:09,RT @standardex: The commissioners said they made it their mission to impress upon Sen. Mitt Romney the plight Weber County families and bus‚Ä¶
1086311784108167169,2019-01-18 17:18:06,All human life is sacred and those who #MarchForLife today march in the spirit of compassion and mercy. I share their commitment to laws that protect the innocent and will continue defending the dignity of life.
1085704670750932992,2019-01-17 01:05:39,"This attack is a somber reminder that the threat from ISIS persists, and that the Administration‚Äôs decision to retreat from Syria now is a grave mistake."
1085702017039978497,2019-01-17 00:55:06,My heart goes out to the loved ones of the U.S. personnel killed in the terrorist attack in Syria. We will never forget their service and sacrifice to protect the values we hold most dear.
1085279906525863937,2019-01-15 20:57:47,"Just got off the phone with the future @SnowCollege president. Best of luck as you take over the reins in May, Bradley! https://t.co/8dQgrGY6p1"
1085246591152332802,2019-01-15 18:45:24,Great meeting with you today. I look forward to working with you and @EnergyGOP on public lands issues that are critical to Utah. https://t.co/zRoQ9FZ4pS
1084926106204033025,2019-01-14 21:31:55,Congratulations to @DixieAthletics on your entrance to @WACsports! I look forward to these state rivalry games. https://t.co/xBWoXNylGO
1083799352223649793,2019-01-11 18:54:36,"RT @RepJohnCurtis: JOINT STATEMENT from Rep. Curtis, @RepRobBishop &amp; @RepChrisStewart regarding @SenMikeLee &amp; @SenatorRomney's PURE Act, le‚Ä¶"
1083491646807904263,2019-01-10 22:31:53,"RT @D2KSL: If you missed it, here's our interview with @SenatorRomney on the Government Shutdown! 
https://t.co/1iyuKSlV0F"
1083483944673308673,2019-01-10 22:01:17,"We had our first constituents drop by the office today! Steve and Karen came all the way to Washington, D.C. from Orem. https://t.co/nvb3QA5wSd"
1083469881809518594,2019-01-10 21:05:24,"For too long, Washington bureaucrats have dictated to our counties, ranchers, and recreators how and if they can use their lands. I‚Äôm proud to sponsor legislation that puts an end to excessive landgrabs and provides rural Utahns a voice in land management. https://t.co/blslXVefep"
1083461665239298049,2019-01-10 20:32:45,"Great meeting with my colleague @RepJohnCurtis today to discuss ways to tackle Utah priorities, starting with the Emery County Public Land Management Act. This local-led legislation serves as a model for how public land decisions should be made. https://t.co/W4E13qp0bE"
1083140358949818368,2019-01-09 23:16:00,"Spoke with new North Ogden Mayor Brent Chugg this afternoon. He has some big shoes to fill after the passing of Major Brent Taylor, yet I remain confident he will continue leading the city toward economic growth. https://t.co/cr1l0fmeDb"
1083126012760735744,2019-01-09 22:18:59,"Each day, our men and women in law enforcement put their lives on the line to protect ours. Utahns were recently reminded of this with the tragic passing of Officer Joe Shinners. This #LawEnforcementAppreciationDay, we recognize all they do to keep our communities safe."
1082054915726422018,2019-01-06 23:22:50,Our state has helped to keep Utah's five national parks open during this shutdown. I applaud @Interior for releasing additional funds dedicated toward the basic needs and public safety in our parks. Special thanks to my Utah House colleagues for their efforts to make this happen.
1082028600730308608,2019-01-06 21:38:16,"Heartbroken with the tragic passing of Officer Joseph Shinners last night in the line duty‚Äîa loving husband and new father. Ann and I extend our deepest condolences to Officer Shinners' family, friends, and fellow @ProvoPolice officers. God bless our men and women in uniform."
1081354636379021312,2019-01-05 01:00:10,"Rep. Tlaib took the politics of Washington deeper down the drain. Elected leaders should elevate, not degrade, our public discourse."
1081278238989651968,2019-01-04 19:56:36,Happy birthday to the beautiful state of Utah! https://t.co/GCaeknpICs
1081211649292468225,2019-01-04 15:31:59,With deep appreciation. https://t.co/Y0tauRZOwl
1080943258379960322,2019-01-03 21:45:30,"Used my dad‚Äôs Bible for today‚Äôs swearing-in. He inscribed a message in it each time he took the oath of office, and I did the same today. It‚Äôs an honor to serve. https://t.co/1X2Ty0fy35"
1080933258139975687,2019-01-03 21:05:46,To the people of Utah: Thank you for entrusting me with the responsibility of serving you in the United States Senate. https://t.co/iBJ8CN6v2m
1080849371070193666,2019-01-03 15:32:25,Excited for this next chapter. Let's do this. https://t.co/DRIH91zoXy
